<?xml version="1.0" encoding="UTF-8"?>
<theme name="Red Power Theme 1.0.2 " version="1810">
	<properties>
		<templateset><![CDATA[9]]></templateset>
		<editortheme><![CDATA[mybb.css]]></editortheme>
		<imgdir><![CDATA[images/redpower]]></imgdir>
		<logo><![CDATA[images/logo.png]]></logo>
		<tablespace><![CDATA[5]]></tablespace>
		<borderwidth><![CDATA[0]]></borderwidth>
		<color><![CDATA[]]></color>
		<disporder><![CDATA[a:8:{s:10:"global.css";i:1;s:9:"theme.css";i:2;s:10:"usercp.css";i:3;s:9:"modcp.css";i:4;s:8:"css3.css";i:5;s:16:"star_ratings.css";i:6;s:14:"showthread.css";i:7;s:17:"thread_status.css";i:8;}]]></disporder>
	</properties>
	<stylesheets>
		<stylesheet name="theme.css" version="1810"><![CDATA[* {
	font-family: 'Open Sans', sans-serif;
	transition-duration: 250ms;
}

#container {
	color: #222;
	text-align: left;
	line-height: 1.4;
	margin: 0;
	font-family: Tahoma, Verdana, Arial, Sans-Serif;
	font-size: 13px;
}

.wrapper {
	width: 80%;
	min-width: 970px;
	max-width: 1500px;
	margin: auto auto;
}


#logo {
	background: #E53935;
	padding: 10px 0;
}

#logo #yazimiz {
	display: inline-block;	
}

#logo #yazimiz a {
	background: #f5f5f5;
	padding: 5px 10px;
	display: inline-block;
	border-radius: 15px;
}
#logo #yazimiz a:link {
	text-transform: uppercase;
	font-size: 20px;
	font-weight: bold;	
}

#logo #yazimiz a:hover {
	padding: 5px 20px;
	text-decoration: none;
}

#rpmenu {
	float: right;
}

#rpmenu li {
	list-style-type: none;
	display: inline-block;
	margin-top: 10px;
}

#rpmenu li a {
	background: #f0f0f0;
	color: #F44336;
	padding: 5px;
	border-radius: 8px;
	margin-left: 5px;
	font-size: 13px;
}

#rpmenu li a:hover {
	border-top: 2px solid #ddd;
	border-bottom: 2px solid #ddd;
	transition-duration: 50ms;
}

#content {
	background: #ddd;
	width: auto !important;
	overflow: hidden;
}


#footer, #panel, table {
	font-family: 'Open Sans', sans-serif;
}

#footer {
	background: #f0f0f0;
	color: #222;
	padding-top: 10px;
	padding-bottom: 10px;
	border-top: 2px solid #F44336;
}

#footer .sag {
	float: right;
}

#footer .title {
	color: #F44336;
	font-size: 18px;
	font-weight: thin;
}

#footer .content {
	padding-top: 5px;	
	max-width: 45%;
}

#footer .copy {
	border-left: 2px solid #F44336;
	padding-left: 4px;
	margin-top: 5px;
}

#footer .tema {
	padding-left: 4px;
	border-left: 2px solid #F44336;
}

#whoisonline {
	background: #F44336;
	color: #fff;
	padding: 10px;
	margin: 10px 0;
}

#whoisonline a:link {
	color: #fff;	
}

#whoisonline a:visited {
	color: #fff;	
}

#whoisonline .baslik {
	background: #f5f5f5;
	padding: 3px 8px;
	margin-top: -10px;
	margin-left: -10px;
	color: #F44336;
	width: 49%;
}

#whoisonline .kisiler {
	background: #f5f5f5;
	padding: 3px 8px;
	display: inline-block;
	border-radius: 5px;
	color: #F44336;	
	margin-top: 5px;
}

#whoisonline .kisim1 {
	display: inline-block;
	width: 49%;
}

#whoisonline .kisim2 {
	margin-left: 5px;
	display: inline-block;
	width: 49%;
}

#footer .bn {
	display: inline-block;
	margin-left: 15px;
	float: right;
	border-left: 2px solid #F44336;
	padding-left: 4px;
	margin-top: 5px;
}


#mypanel {
	background: #f2f2f2;
	border-radius: 0 0 5px 5px;
	padding: 5px;
	color: #000;
	display: inline-block;
}

#mypanel a:link {
	color: #F44336;	
}

.fixed {
	position: fixed;
	top: 0;
	z-index: 999;
}

.fixed2 {
	position: fixed;
	top: 0;
	right: 10%;
	z-index: 999;
}

#wblockright {
	background: #f2f2f2;
	border-radius: 0 0 5px 5px;
	padding: 5px;
	color: #F44336;
	display: inline-block;
	float: right;
}

#wblockright i {
	font-size: 14px;	
}

#navi {
	background: #E53935;
	padding: 8px;
	border-radius: 4px;
	color: #fff;
	margin-top: 15px;
}

#navi a:link {
	color: #fff;	
}

#navi a:visited {
	color: #fff;	
}

#navi .bit {
	display: inline-block;
	background: #C62828;
	padding: 3px;
	color: #fff;
	border-radius: 5px;
}

#navi .bit a:link {
	color: #fff;	
}

#navi .bit a:visited {
	color: #fff;	
}

#navi i {
	font-size: 15px;
	margin-right: 4px;
}

.panelbuton {
	display: inline-block;
	margin-left: 4px;
	margin-right: 4px;
	margin-top: 2px;
}

.panelbuton a {
	border-top: 2px solid #F44336;
	padding: 2px;	
}

.panelbuton a:link {
	color: #D32F2F;
}

.panelbuton a:hover {
	text-decoration: none;	
}

table {
	color: #333;
	font-size: 13px;
	border-radius: 0 0 3px 3px;
}

.tborder {
	background: #f0f0f0;
	width: 100%;
	margin: auto auto;
	box-shadow: 0px 2px 3px #aaa;
}

.tfixed {
	table-layout: fixed;
	word-wrap: break-word;
}

.thead {
	background: #f0f0f0;
	color: #F44336;
	border-top: 2px solid #F44336;
	padding: 8px;
}

.thead a:link {
	color: #F44336;
	text-decoration: none;
}

.thead a:visited {
	color: #F44336;
	text-decoration: none;
}

.thead a:hover,
.thead a:active {
	color: #f5f5f5;
	background: #F44336;
	transition-duration: 0.2s;
}

.tcat {
	background: #E53935;
	color: #fff;
	padding: 6px;
	font-size: 12px;
}

.tcat a:link {
	color: #fff;
}

.tcat a:visited {
	color: #fff;
}

.tcat a:hover,
.tcat a:active {
	color: #fff;
}

.trow1 {
	background: #f9f9f9;
	margin-top: 4px;
	min-height: 100px;
}

.trow2 {
	background: #f3f3f3;
	margin-top: 4px;
	min-height: 100px;
}

.trow_shaded {
	background: #ffdde0;
	border: 1px solid;
	border-color: #fff #ffb8be #ffb8be #fff;
}

.no_bottom_border {
	border-bottom: 0;
}

.post.unapproved_post {
	background: #ffdde0;
}

.post.unapproved_post .post_author {
	border-bottom-color: #ffb8be;
}

.post.classic.unapproved_post .post_author {
	border-color: #ffb8be;
}

.post.unapproved_post .post_controls {
	border-top-color: #ffb8be;
}

.trow_deleted,
.post.deleted_post {
	background: #E8DEFF;
}

.trow_selected,
tr.trow_selected td {
	background: #FFFBD9;
	color: #333;
	border-right-color: #F7E86A;
	border-bottom-color: #F7E86A;
}

.trow_selected a:link,
.trow_selected a:visited,
.trow_selected a:hover,
.trow_selected a:active {
	color: #333;
}

.trow_sep {
	background: #ddd;
	color: #333;
	border-bottom: 1px solid #c5c5c5;
	padding: 6px;
	font-size: 12px;
	font-weight: bold;
}

.subfrm {
	background: #fafafa;
	padding: 2px 10px;
	border-top: 1px solid #ddd;
	border-bottom: 1px solid #ddd;
}

.forum_status {
	display: inline-block;
	font-size: 26px;
	font-family: 'Ionicons';
	margin: 0 5px;
}

.forum_on {
	color: #F44336;
}

.forum_on:before {
	content:"\f31a";
}

.forum_off {

}

.forum_off:before {
	content:"\f31a";
}


.forum_offlock {
	color: #D32F2F;
}

.forum_offlock:before {
	content:"\f392";
}

.forum_offlink {
	color: #D32F2F;
}

.forum_offlink:before {
	content:"\f1fe";
}

.subforumicon {
	height: 10px;
	width: 10px;
	display: inline-block;
	margin: 0 5px;
	font-family: 'Ionicons';
}

.subforum_minion {
	font-family: 'Ionicons';
	color: #F44336;
}

.subforum_minion:before {
	content:"\f2c3";
}

.subforum_minioff {
	font-family: 'Ionicons';
}

.subforum_minioff:before {
	content:"\f2c3";
}


.subforum_miniofflock {
	color: #D32F2F;
}

.subforum_miniofflock:before {
	content:"\f392";
}

.subforum_miniofflink {
	color: #D32F2F;
}

.subforum_miniofflink:before {
	content:"\f1fe";
}

.lastpost {
	background: #e5e5e5;
	padding: 4px;
	text-align: left;
	display: inline-block;
	font-size: 11px;
	border-radius: 2px;
	width: 165px;
	text-overflow: ellipsis;
	overflow: hidden;
	color: #F44336;
}

.lastpost i {
	color: #F44336;
}

.lastpost span {
	color: #222;	
}

.description {
	background: #F44336;
	color: #fff;
	padding: 3px;
	border-radius: 5px 0 5px 5px;
	float: right;
	display: inline-block;
	font-size: 11px;
	position: relative;
	margin-top: -3px;
	left: -25px;
}

.description:before {
    content: "";
    display: block;
    border-bottom: 6px solid #F44336;
    border-left: 6px solid transparent;
    border-right: 6px solid transparent;
    top: -6px;
    position: absolute;
    right: 0px;
}

.smalltext {
	font-size: 11px;
}

.largetext {
	font-size: 16px;
	font-weight: bold;
}

fieldset {
	padding: 12px;
	border: 1px solid #ddd;
	margin: 0;
}

fieldset.trow1,
fieldset.trow2 {
	border-color: #bbb;
}

fieldset.align_right {
	text-align: right;
}

input.textbox {
	background: #ffffff;
	color: #333;
	border: 1px solid #ccc;
	padding: 3px;
	outline: 0;
	font-size: 13px;
	font-family: Tahoma, Verdana, Arial, Sans-Serif;
}

textarea {
	background: #ffffff;
	color: #333;
	border: 1px solid #ccc;
	padding: 2px;
	line-height: 1.4;
	outline: 0;
	font-family: Tahoma, Verdana, Arial, Sans-Serif;
	font-size: 13px;
}

select {
	background: #ffffff;
	padding: 3px;
	border: 1px solid #ccc;
	outline: 0;
	font-family: Tahoma, Verdana, Arial, Sans-Serif;
	font-size: 13px;
}

button,
input.button {
	padding: 3px 8px;
	cursor: pointer;
	font-family: 'Open Sans', sans-serif;
	font-size: 13px;
	background: #f0f0f0;
	border-top: 2px solid #F44336;
	border-left: none;
	border-right: none;
	border-bottom: none;
	color: #222;
	outline: 0;
	border-radius: 0 0 3px 3px;
}

button:hover,
input.button:hover {
	border-color: #D32F2F;
	color: #F44336;
}

form {
	margin: 0;
	padding: 0;
}

input.error, textarea.error, select.error {
	border: 1px solid #f30;
	color: #f30;
}

input.valid, textarea.valid, select.valid {
	border: 1px solid #0c0;
}

label.error {
	color: #f30;
	margin: 5px;
	padding: 0px;
	display: block;
	font-weight: bold;
	font-size: 11px;
}

form #message {
	width: 500px;
}

.expcolimage {
	float: right;
	width: auto;
	vertical-align: middle;
	margin-top: -3px;
}

.newthread {
	background: #F44336;
	padding: 6px;
	color: #fff;
	border-radius: 5px 5px 0 0;
	display: inline-block;
}

.newthread:hover {
	margin-right: 5px;	
}

.newthread a:link {
	color: #fff;	
}

.newthread a:hover {
	color: #fff;
}

.newthread a:visited {
	color: #fff;	
}
body {
	background: #fff;
	color: #111;
	line-height: 1.4;
	margin: 0;
	font-family: Tahoma, Verdana, Arial, Sans-Serif;
	font-size: 13px;
	overflow-y: scroll;
}

a:link {
	color: #F44336;
	text-decoration: none;
}

a:visited {
	color: #F44336;
	text-decoration: none;
}

a:hover {
	color: #D32F2F;
}

a:active {
	color: #D32F2F;
}


.pm_alert {
	background: #f0f0f0;
	border: 1px solid #F44336;
	text-align: center;
	padding: 5px 20px;
	margin-top: 15px;
	margin-bottom: 15px;
	font-size: 11px;
	border-radius: 5px;
}

.red_alert {
	background: #FBE3E4;
	border: 1px solid #A5161A;
	color: #A5161A;
	text-align: center;
	padding: 5px 20px;
	margin-bottom: 15px;
	margin-top: 15px;
	font-size: 11px;
	word-wrap: break-word;
}

.red_alert a:link,
.red_alert a:visited,
.red_alert a:hover,
.red_alert a:active {
	color: #A5161A;
}

#profilmenu {
	background: #E53935;
	padding: 10px;
	margin-bottom: 10px;
}

.post {
	overflow: hidden;
}

.post.classic {
	padding-top: 15px;
}

.post .post_author {
	background: #f5f5f5;
	padding: 5px;
	overflow: hidden;
}

.post.classic .post_author {
	background: #E53935;
	float: left;
	color: #fff;
	width: 15%;
	margin: 0 1% 15px 0;
	border-left: 0;
	padding: 5px 1%;
	border-radius: 0 10px 10px 0;
}

.post .post_author .buddy_status {
	vertical-align: middle;
	margin-top: -4px;
}

.post .post_author div.author_avatar {
	float: left;
	margin-right: 3px;
}

.post.classic .post_author div.author_avatar {
	margin-top: 5px;
	float: none;
	text-align: center;
	margin-bottom: 5px;
}

.post .post_author div.author_avatar img:hover {
	border-radius: 5px;	
}

.post .post_author div.author_avatar img {
	padding: 3px;
	background: #D50000;
	border-radius: 50%;
}

.post .post_author div.author_information {
	float: left;
	padding: 6px 8px;
}

.post.classic .post_author div.author_information {
	float: none;
	padding: 0;
	text-align: center;
}

.post .post_author div.author_statistics {
	float: right;
	font-size: 11px;
	padding: 3px 10px 3px 5px;
	color: #fff;
	line-height: 1.3;
}

.post.classic .post_author div.author_statistics {
	margin: 6px 0 0 0;
	padding: 6px 6px 3px 6px;
	float: none;
}

.post .post_head {
	font-size: 11px;
	padding-bottom: 4px;
	border-bottom: 1px dotted #ddd;
	margin-bottom: 4px;
}

.post .post_head span.post_date {
	color: #666;
}

.post .post_head span.edited_post {
	font-size: 10px;
	color: #999;
}

.post .post_head span.edited_post a {
	color: #666;
}

.post_body {
	font-size: 14px;
	padding: 12px 0;
}

.post.classic .post_content {
	float: left;
	width: 79%;
	padding: 0 1% 5px 1%;
}

.post_content {
	padding: 9px 10px 5px 10px;
}

.post_content .signature {
	margin-top: 5px;
	border-top: 1px dotted #ddd;
	padding: 10px 0 4px 0;
}

.post .post_meta {
	margin: 4px 0;
	font-size: 11px;
	color: #999;
}

.post .post_meta a:link,
.post .post_meta a:visited {
	color: #777;
}

.post .post_meta a:hover,
.post .post_meta a:active {
	color: #777;
}

.post_controls {
	clear: both;
	background: #f5f5f5;
	border-bottom: 1px solid #ccc;
	padding: 5px;
	overflow: hidden;
}

.postbit_buttons > a:link,
.postbit_buttons > a:hover,
.postbit_buttons > a:visited,
.postbit_buttons > a:active {
	display: inline-block;
	padding: 2px 5px;
	margin: 2px;
	font-size: 11px;
	background: #eee url(images/buttons_bg.png) repeat-x;
	border: 1px solid #ccc;
	color: #555;
}

.postbit_buttons > a:hover {
	border-color: #bbb;
}

.postbit_buttons a span {
	padding-left: 20px;
	display: inline-block;
	height: 16px;
	background-image: url(images/buttons_sprite.png);
	background-repeat: no-repeat;
}

.postbit_buttons a.postbit_find span {
	background-position: 0 0;
}

.postbit_buttons a.postbit_reputation_add span {
	background-position: 0 -20px;
}

.postbit_buttons a.postbit_email span {
	background-position: 0 -40px;
}

.postbit_buttons a.postbit_website span {
	background-position: 0 -60px;
}

.postbit_buttons a.postbit_pm span {
	background-position: 0 -80px;
}

.postbit_buttons a.postbit_quote span {
	background-position: 0 -100px;
}

.postbit_buttons a.postbit_multiquote span {
	background-position: 0 -120px;
}

.postbit_buttons a.postbit_multiquote_on span {
	background-position: 0 -140px;
}

.postbit_buttons a.postbit_edit span {
	background-position: 0 -160px;
}

.postbit_buttons a.postbit_qdelete span {
	background-position: 0 -180px;
}

.postbit_buttons a.postbit_qrestore span {
	background-position: 0 -200px;
}

.postbit_buttons a.postbit_report span {
	background-position: 0 -220px;
}

.postbit_buttons a.postbit_warn span {
	background-position: 0 -240px;
}

.postbit_buttons a.postbit_purgespammer span {
	background-position: 0 -540px;
}

.postbit_buttons a.postbit_reply_pm span {
	background-position: 0 -260px;
}

.postbit_buttons a.postbit_reply_all span {
	background-position: 0 -280px;
}

.postbit_buttons a.postbit_forward_pm span {
	background-position: 0 -300px;
}

.postbit_buttons a.postbit_delete_pm span {
	background-position: 0 -320px;
}

.postbuton {
	background: #f0f0f0;
	color: #222;
	padding: 4px;
	margin-top: 3px;
	border-radius: 8px;
}

.postbuton:hover {
	color: #F44336;
}

.postbuton i {
	color: #F44336;
}

.postbuton .rep {
		
}

.postbuton .rep i {
	color: #009688;	
}

.postbuton .rep:hover {
	color: #009688;
}

.postonline {
	margin: 0 auto;
	padding: 5px;
	color: #fff;
	border-radius: 0 0 5px 5px;
	text-align: center;
	font-weight: bold;
	margin-bottom: 10px;
	margin-top: -5px;
	background: #4CAF50;
}


.postonline a:link,
.postonline a:hover,
.postonline a:visited {
	color: #fff;	
}

.postoffline {
	margin: 0 auto;
	padding: 5px;
	color: #fff;
	border-radius: 0 0 5px 5px;
	text-align: center;
	font-weight: bold;
	margin-bottom: 10px;
	margin-top: -5px;
	background: #C62828;
}


.postoffline a:link,
.postoffline a:hover,
.postoffline a:visited {
	color: #fff;	
}

.postaway {
	margin: 0 auto;
	padding: 5px;
	color: #fff;
	border-radius: 0 0 5px 5px;
	text-align: center;
	font-weight: bold;
	margin-bottom: 10px;
	margin-top: -5px;
	background: #C0CA33;
}

.postaway a:link,
.postaway a:hover,
.postaway a:visited {
	color: #fff;	
}

.postbutton {
	background: #F44336;
	color: #fff;
	padding: 5px;
	border-radius: 2px;
	display: inline-block;
	font-size: 11px;
}

.postbutton a:link,
.postbutton a:hover,
.postbutton a:visited {
	color: #fff;	
}

.userbrowse {
	background: #E53935;
	color: #fff;
	border-radius: 2px;
	padding: 5px;
}

.postbilgi {
	background: #f0f0f0;
	display: inline-block;
	border-radius: 8px;
	padding-left: 5px;
	padding-right: 5px;
	padding-top: 2px;
	padding-bottom: 2px;
	color: #222;
	margin-top: 2px;
}

		]]>
		</stylesheet>
		<stylesheet name="css3.css" version="1810"><![CDATA[
		]]>
		</stylesheet>
		<stylesheet name="global.css" version="1810"><![CDATA[#header ul.menu {
	margin: 0;
	padding: 0;
	list-style: none;
}

#header ul.menu li {
	margin: 0 7px;
	display: inline;
}

#header ul.menu li a {
	padding-left: 20px;
	background-image: url(images/headerlinks_sprite.png);
	background-repeat: no-repeat;
	display: inline-block;
	line-height: 16px;
}

#logo ul.top_links {
	font-weight: bold;
	text-align: right;
	margin: -10px 5px 0 0;
}

#logo ul.top_links a.search {
	background-position: 0 0;
}

#logo ul.top_links a.memberlist {
	background-position: 0 -20px;
}

#logo ul.top_links a.calendar {
	background-position: 0 -40px;
}

#logo ul.top_links a.help {
	background-position: 0 -60px;
}

#logo ul.top_links a.portal {
	background-position: 0 -180px;
}

#panel .upper a.logout {
	font-weight: bold;
	background: url(images/headerlinks_sprite.png) right -80px no-repeat;
	padding-right: 20px;
	margin-left: 10px;
}

#panel .upper a.login,
#panel .upper a.lost_password {
	background: url(images/headerlinks_sprite.png) 0 -100px no-repeat;
	padding-left: 20px;
	margin-left: 10px;
	font-weight: bold;
}

#panel .upper a.register {
	background: url(images/headerlinks_sprite.png) right -80px no-repeat;
	padding-right: 20px;
	margin-left: 10px;
	font-weight: bold;
}

#panel .lower ul.panel_links {
	float: left;
}

#panel .lower ul.panel_links a.usercp {
	background-position: 0 -120px;
}

#panel .lower ul.panel_links a.modcp {
	background-position: 0 -140px;
}

#panel .lower ul.panel_links a.admincp {
	background-position: 0 -160px;
}

#panel .lower ul.user_links {
	float: right;
}

#panel .lower ul.user_links li a {
	padding: 0;
	background-image: none;
}

#panel .upper {
	background: #0f0f0f url(images/tcat.png) repeat-x;
	color: #fff;
	border-top: 1px solid #444;
	border-bottom: 1px solid #000;
	padding: 7px;
	clear: both;
}

#panel .upper a:link,
#panel .upper a:visited,
#panel .upper a:hover,
#panel .upper a:active {
	color: #fff;
}

#panel .lower {
	background: #efefef;
	color: #999;
	border-top: 1px solid #fff;
	border-bottom: 1px solid #ccc;
	padding: 5px;
}

#panel .lower a:link,
#panel .lower a:visited,
#panel .lower a:hover,
#panel .lower a:active {
	color: #666;
}

#search {
	border: 0;
	padding: 0;
	margin: 0;
	float: right;
	vertical-align: middle;
}

#search input.button,
#search input.textbox {
	border-color: #000;
}

#search input.button {
	background: #0066a2 url(images/thead.png) top left repeat-x;
	color: #fff;
}

#search input {
	margin: -3px 0;
}

#quick_login .remember_me input {
	vertical-align: middle;
	margin: -3px 0 0 5px;
}

#debug {
	float: right;
	text-align: right;
	margin-top: 20px;
	font-size: 11px;
}

.scaleimages img {
	max-width: 100%;
}



.tfoot {
	border-top: 1px solid #fff;
	padding: 6px;
	background: #ddd;
	color: #666;
}

.tfoot a:link {
	color: #444;
	text-decoration: none;
}

.tfoot a:visited {
	color: #444;
	text-decoration: none;
}

.tfoot a:hover,
.tfoot a:active {
	color: #444;
	text-decoration: underline;
}

.thead input.textbox,
.thead select {
	border: 1px solid #263c30;
}

.bottommenu {
	background: #efefef;
	color: #333;
	border: 1px solid #4874a3;
	padding: 10px;
}

.navigation {
	color: #333;
	font-size: 12px;
}

.navigation a:link {
	text-decoration: none;
}

.navigation a:visited {
	text-decoration: none;
}

.navigation a:hover,
.navigation a:active {
	text-decoration: underline;
}

.navigation .active {
	color: #333;
	font-size: small;
	font-weight: bold;
}



.editor {
	background: #f1f1f1;
	border: 1px solid #ccc;
}

.editor_control_bar {
	background: #fff;
	border: 1px solid #ccc;
}

.post .editor_control_bar {
	background: #f5f5f5;
}

.popup_menu {
	background: #fff;
	border: 1px solid #ccc;
}

.popup_menu .popup_item {
	background: #efefef;
	color: #333;
}

.popup_menu .popup_item:hover {
	background: #0072BC;
	color: #fff;
}

.trow_reputation_positive {
	background: #ccffcc;
}

.trow_reputation_negative {
	background: #ffcccc;
}

.reputation_positive {
	color: green;
}

.reputation_neutral {
	color: #444;
}

.reputation_negative {
	color: red;
}

.repbox {
	font-size:16px;
	font-weight: bold;
	padding:5px 7px 5px 7px;
}

._neutral {
	background-color:#FAFAFA;
	color: #999999;
	border:1px solid #CCCCCC;
}

._minus {
	background-color: #FDD2D1;
	color: #CB0200;
	border:1px solid #980201;
}

._plus {
	background-color:#E8FCDC;
	color: #008800;
	border:1px solid #008800;
}

img {
	border: none;
}

img.attachment {
	border: 1px solid #E9E5D7;
	padding: 2px;
}

hr {
	background-color: #000000;
	color: #000000;
	height: 1px;
	border: 0px;
}

.clear {
	clear: both;
}

.float_left {
	float: left;
}

.float_right {
	float: right;
}

.hidden {
	display: none;
	float: none;
	width: 1%;
}

.hiddenrow {
	display: none;
}

.selectall {
	background: #FFFBD9;
	border-bottom: 1px solid #F7E86A;
	color: #333;
	text-align: center;
}


.tcat_menu > .expcolimage {
	margin-top: 0;
}

blockquote {
	border: 1px solid #ccc;
	margin: 0;
	background: #fff;
	padding: 10px;
}

blockquote cite {
	font-weight: bold;
	border-bottom: 1px solid #ccc;
	font-style: normal;
	display: block;
	padding-bottom: 3px;
	margin: 0 0 10px 0;
}

blockquote cite span {
	float: right;
	font-weight: normal;
	font-size: 12px;
	color: #666;
}

blockquote cite span.highlight {
	float: none;
	font-weight: bold;
	padding-bottom: 0;
}

.codeblock {
	background: #fff;
	border: 1px solid #ccc;
	padding: 10px;
}

.codeblock .title {
	border-bottom: 1px solid #ccc;
	font-weight: bold;
	padding-bottom: 3px;
	margin: 0 0 10px 0;
}

.codeblock code {
	overflow: auto;
	height: auto;
	max-height: 200px;
	display: block;
	font-family: Monaco, Consolas, Courier, monospace;
	font-size: 13px;
}

.smilie {
	vertical-align: middle;
}

.smilie_pointer {
	cursor: pointer;
}

.separator {
	margin: 5px;
	padding: 0;
	height: 0px;
	font-size: 1px;
	list-style-type: none;
}

.popup_menu .popup_item_container {
	margin: 1px;
	text-align: left;
}

.popup_menu .popup_item {
	display: block;
	padding: 4px;
	white-space: nowrap;
	text-decoration: none;
}

.popup_menu a.popup_item:hover {
	text-decoration: none;
}

.subject_new {
	font-weight: bold;
}

.highlight {
	background: #FFFFCC;
	padding-top: 3px;
	padding-bottom: 3px;
}


.high_warning {
	color: #CC0000;
}

.moderate_warning {
	color: #F3611B;
}

.low_warning {
	color: #AE5700;
}

.imminent_banned {
	color: #880000;
}

.high_banned {
	color: #FF0000;
}

.moderate_banned {
	color: #FF6600;
}

.low_banned {
	color: #008000;
}

.online {
	color: #15A018;
}

.offline {
	color: #C7C7C7;
}

div.error {
	padding: 5px 10px;
	border-top: 2px solid #FFD324;
	border-bottom: 2px solid #FFD324;
	background: #FFF6BF;
	font-size: 12px;
}

div.error p {
	margin: 0;
	color: #333;
	font-weight: normal;
}

div.error p em {
	font-style: normal;
	font-weight: bold;
	padding-left: 24px;
	display: block;
	color: #C00;
	background: url(images/error.png) no-repeat 0;
}

div.error ul {
	margin-left: 24px;
}

.pagination {
	font-size: 11px;
	padding-top: 10px;
	margin-bottom: 5px;
}

.tfoot .pagination,
.tcat .pagination {
	padding-top: 0;
}

.pagination .pages {
	font-weight: bold;
}

.pagination .pagination_current,
.pagination a {
	padding: 3px 6px;
	margin-bottom: 3px;
}

.pagination a {
	background: #f5f5f5;
	border: 1px solid #ccc;
}

.pagination .pagination_current {
	background: none;
	color: #333;
	border: none;
	font-weight: bold;
}

.pagination a:hover {
	background: #0072BC;
	color: #fff;
	border-color: #263c30;
	text-decoration: none;
}

.pagination .go_page img {
	margin-bottom: -4px;
}

.drop_go_page {
	background: #f5f5f5;
	padding: 4px;
}

.pagination_breadcrumb {
	background-color: #efefef;
	border: 1px solid #fff;
	outline: 1px solid #ccc;
	padding: 5px;
	margin-top: 5px;
	font-weight: normal;
}

.pagination_breadcrumb_link {
	vertical-align: middle;
	cursor: pointer;
}

.thread_legend,
.thread_legend dd {
	margin: 0;
	padding: 0;
}

.thread_legend dd {
	padding-bottom: 4px;
	margin-right: 15px;
}

.thread_legend img {
	margin-right: 4px;
	vertical-align: bottom;
}

.forum_legend,
.forum_legend dt,
.forum_legend dd {
	margin: 0;
	padding: 0;
}

.forum_legend dd {
	float: left;
	margin-right: 10px;
	margin-top: 7px;
}

.forum_legend dt {
	margin-right: 10px;
	float: left;
}

.success_message {
	color: #00b200;
	font-weight: bold;
	font-size: 10px;
	margin-bottom: 10px;
}

.error_message {
	color: #C00;
	font-weight: bold;
	font-size: 10px;
	margin-bottom: 10px;
}

#posts_container {
	padding: 0;
}

.ignored_post {
	border-top: 3px solid #333;
	padding: 15px;
}

.ignored_post .show_ignored_post {
	margin-top: -15px;
}

.ignored_post .show_ignored_post a.button span {
	background-position: 0 -400px;
}

.deleted_post_hidden {
	border-top: 2px solid #ccc;
	padding: 15px;
}

.deleted_post_collapsed {
	border-top: 3px solid #333;
	padding: 15px;
}

.deleted_post_collapsed .show_deleted_post {
	margin-top: -15px;
}

.deleted_post_collapsed .show_deleted_post a.button span {
	background-position: 0 -400px;
}

.post {
	overflow: hidden;
}

.post_body {
	font-size: 14px;
	padding: 12px 0;
}

.post.classic .post_content {
	float: left;
	width: 79%;
	padding: 0 1% 5px 1%;
}

.post_content {
	padding: 9px 10px 5px 10px;
}

.post_content .signature {
	margin-top: 5px;
	border-top: 1px dotted #ddd;
	padding: 10px 0 4px 0;
}

.post .post_meta {
	margin: 4px 0;
	font-size: 11px;
	color: #999;
}

.post .post_meta a:link,
.post .post_meta a:visited {
	color: #777;
}

.post .post_meta a:hover,
.post .post_meta a:active {
	color: #777;
}

.post_controls {
	clear: both;
	background: #f5f5f5;
	border-bottom: 1px solid #ccc;
	padding: 5px;
	overflow: hidden;
}

.postbit_buttons > a:link,
.postbit_buttons > a:hover,
.postbit_buttons > a:visited,
.postbit_buttons > a:active {
	display: inline-block;
	padding: 2px 5px;
	margin: 2px;
	font-size: 11px;
	background: #eee url(images/buttons_bg.png) repeat-x;
	border: 1px solid #ccc;
	color: #555;
}

.postbit_buttons > a:hover {
	border-color: #bbb;
}

.postbit_buttons a span {
	padding-left: 20px;
	display: inline-block;
	height: 16px;
	background-image: url(images/buttons_sprite.png);
	background-repeat: no-repeat;
}

.postbit_buttons a.postbit_find span {
	background-position: 0 0;
}

.postbit_buttons a.postbit_reputation_add span {
	background-position: 0 -20px;
}

.postbit_buttons a.postbit_email span {
	background-position: 0 -40px;
}

.postbit_buttons a.postbit_website span {
	background-position: 0 -60px;
}

.postbit_buttons a.postbit_pm span {
	background-position: 0 -80px;
}

.postbit_buttons a.postbit_quote span {
	background-position: 0 -100px;
}

.postbit_buttons a.postbit_multiquote span {
	background-position: 0 -120px;
}

.postbit_buttons a.postbit_multiquote_on span {
	background-position: 0 -140px;
}

.postbit_buttons a.postbit_edit span {
	background-position: 0 -160px;
}

.postbit_buttons a.postbit_qdelete span {
	background-position: 0 -180px;
}

.postbit_buttons a.postbit_qrestore span {
	background-position: 0 -200px;
}

.postbit_buttons a.postbit_report span {
	background-position: 0 -220px;
}

.postbit_buttons a.postbit_warn span {
	background-position: 0 -240px;
}

.postbit_buttons a.postbit_purgespammer span {
	background-position: 0 -540px;
}

.postbit_buttons a.postbit_reply_pm span {
	background-position: 0 -260px;
}

.postbit_buttons a.postbit_reply_all span {
	background-position: 0 -280px;
}

.postbit_buttons a.postbit_forward_pm span {
	background-position: 0 -300px;
}

.postbit_buttons a.postbit_delete_pm span {
	background-position: 0 -320px;
}

a.button:link,
a.button:hover,
a.button:visited,
a.button:active {
	background: #0f0f0f url(images/tcat.png) repeat-x;
	color: #fff;
	display: inline-block;
	padding: 4px 8px;
	margin: 2px 2px 6px 2px;
	border: 1px solid #000;
	font-size: 14px;
}

a.button.small_button {
	font-size: 13px;
	margin: 0;
	padding: 3px 6px;
}

a.button span {
	padding-left: 20px;
	display: inline-block;
	background-image: url(images/buttons_sprite.png);
	background-repeat: no-repeat;
}

a.button.new_thread_button span {
	background-position: 0 -340px;
}

a.button.new_reply_button span {
	background-position: 0 -360px;
}

a.button.closed_button span {
	background-position: 0 -380px;
}

a.button.rate_user_button span {
	background-position: 0 -400px;
}

a.button.add_buddy_button span {
	background-position: 0 -440px;
}

a.button.remove_buddy_button span {
	background-position: 0 -480px;
}

a.button.add_ignore_button span {
	background-position: 0 -460px;
}

a.button.remove_ignore_button span {
	background-position: 0 -500px;
}

a.button.report_user_button span {
	background-position: 0 -520px;
}

.quick_jump {
	background: url(images/jump.png) no-repeat 0;
	width: 13px;
	height: 13px;
	padding-left: 13px; /* amount of padding needed for image to fully show */
	margin-top: -3px;
	border: none;
}

.pollbar {
	background: url(images/pollbar.png) top left repeat-x;
	border: 1px solid #3f3f3f;
	height: 10px;
}

.pollbar .percent {
	display: none;
}

.posticons_label {
	white-space: nowrap;
}

/** jGrowl Start **/

/** Special IE6 Style Positioning **/
.ie6 {
	position: absolute;
}

.ie6.top-right {
	right: auto;
	bottom: auto;
	left: expression( ( 0 - jGrowl.offsetWidth + ( document.documentElement.clientWidth ? document.documentElement.clientWidth : document.body.clientWidth ) + ( ignoreMe2 = document.documentElement.scrollLeft ? document.documentElement.scrollLeft : document.body.scrollLeft ) ) + 'px' );
	top: expression( ( 0 + ( ignoreMe = document.documentElement.scrollTop ? document.documentElement.scrollTop : document.body.scrollTop ) ) + 'px' );
}

.ie6.top-left {
	left: expression( ( 0 + ( ignoreMe2 = document.documentElement.scrollLeft ? document.documentElement.scrollLeft : document.body.scrollLeft ) ) + 'px' );
	top: expression( ( 0 + ( ignoreMe = document.documentElement.scrollTop ? document.documentElement.scrollTop : document.body.scrollTop ) ) + 'px' );
}

.ie6.bottom-right {
	left: expression( ( 0 - jGrowl.offsetWidth + ( document.documentElement.clientWidth ? document.documentElement.clientWidth : document.body.clientWidth ) + ( ignoreMe2 = document.documentElement.scrollLeft ? document.documentElement.scrollLeft : document.body.scrollLeft ) ) + 'px' );
	top: expression( ( 0 - jGrowl.offsetHeight + ( document.documentElement.clientHeight ? document.documentElement.clientHeight : document.body.clientHeight ) + ( ignoreMe = document.documentElement.scrollTop ? document.documentElement.scrollTop : document.body.scrollTop ) ) + 'px' );
}

.ie6.bottom-left {
	left: expression( ( 0 + ( ignoreMe2 = document.documentElement.scrollLeft ? document.documentElement.scrollLeft : document.body.scrollLeft ) ) + 'px' );
	top: expression( ( 0 - jGrowl.offsetHeight + ( document.documentElement.clientHeight ? document.documentElement.clientHeight : document.body.clientHeight ) + ( ignoreMe = document.documentElement.scrollTop ? document.documentElement.scrollTop : document.body.scrollTop ) ) + 'px' );
}

.ie6.center {
	left: expression( ( 0 + ( ignoreMe2 = document.documentElement.scrollLeft ? document.documentElement.scrollLeft : document.body.scrollLeft ) ) + 'px' );
	top: expression( ( 0 + ( ignoreMe = document.documentElement.scrollTop ? document.documentElement.scrollTop : document.body.scrollTop ) ) + 'px' );
	width: 100%;
}

/** jGrowl Styling **/
.jGrowl {
	z-index: 9999;
	color: #ffffff;
	font-size: 12px;
	font-family: "Helvetica Neue", Helvetica, Arial, sans-serif;
	position: fixed;
}
.jGrowl.top-left {
	left: 0px;
	top: 0px;
}
.jGrowl.top-right {
	right: 0px;
	top: 0px;
}
.jGrowl.bottom-left {
	left: 0px;
	bottom: 0px;
}
.jGrowl.bottom-right {
	right: 0px;
	bottom: 0px;
}
.jGrowl.center {
	top: 0px;
	width: 50%;
	left: 25%;
}

/** Cross Browser Styling **/

.jGrowl.center .jGrowl-notification,
.jGrowl.center .jGrowl-closer {
	margin-left: auto;
	margin-right: auto;
}
.jGrowl-notification {
	background-color: transparent;
	opacity: 0.9;
	filter: progid:DXImageTransform.Microsoft.Alpha(Opacity=(0.9*100));
	-ms-filter: progid:DXImageTransform.Microsoft.Alpha(Opacity=(0.9*100));
	zoom: 1;
	width: 250px;
	padding: 10px;
	margin: 10px;
	text-align: left;
	display: none;
	-moz-border-radius: 5px;
	-webkit-border-radius: 5px;
	border-radius: 5px;
	word-break: break-all;
}
.jGrowl .jGrowl-notification {
	min-height: 40px;
}
.jGrowl-notification .ui-state-highlight,
.jGrowl-notification .ui-widget-content .ui-state-highlight,
.jGrowl-notification .ui-widget-header .ui-state-highlight {
	border: 1px solid #000;
	background: #000;
	color: #fff;
}
.jGrowl-notification .jGrowl-header {
	font-weight: bold;
	font-size: .85em;
}
.jGrowl-notification .jGrowl-close {
	background-color: transparent;
	color: inherit;
	border: none;
	z-index: 99;
	float: right;
	font-weight: bold;
	font-size: 1em;
	cursor: pointer;
}
.jGrowl-closer {
	background-color: #000000;
	opacity: 0.9;
	filter: progid:DXImageTransform.Microsoft.Alpha(Opacity=(0.9*100));
	-ms-filter: progid:DXImageTransform.Microsoft.Alpha(Opacity=(0.9*100));
	zoom: 1;
	width: 250px;
	padding: 10px;
	margin: 10px;
	text-align: left;
	display: none;
	border-radius: 5px;
	word-break: break-all;
	padding-top: 4px;
	padding-bottom: 4px;
	cursor: pointer;
	font-size: .9em;
	font-weight: bold;
	text-align: center;
}
.jGrowl-closer .ui-state-highlight,
.jGrowl-closer .ui-widget-content .ui-state-highlight,
.jGrowl-closer .ui-widget-header .ui-state-highlight {
	border: 1px solid #000;
	background: #000;
	color: #fff;
}

.jGrowl .jGrowl-notification.jgrowl_success {
    background: lightgreen;
    border: 1px solid lightgreen;
    color: #333;
}

.jGrowl .jGrowl-notification.jgrowl_error {
    background: red;
    border: 1px solid red;
    color: #333;
}

.jGrowl .jGrowl-notification.jgrowl_process, .jGrowl .jGrowl-closer {
    background: yellow;
    border: 1px solid yellow;
	color: #333;
}

/** Hide jGrowl when printing **/
@media print {
	.jGrowl {
		display: none;
	}
}

/** jGrowl End **/

/** Modal Start **/

.modal {
	display: none;
	width: 400px;
	text-align: left;
	background: #fff;
	-webkit-border-radius: 8px;
	-moz-border-radius: 8px;
	-o-border-radius: 8px;
	-ms-border-radius: 8px;
	border-radius: 8px;
	-webkit-box-shadow: 0 0 10px #000;
	-moz-box-shadow: 0 0 10px #000;
	-o-box-shadow: 0 0 10px #000;
	-ms-box-shadow: 0 0 10px #000;
	box-shadow: 0 0 10px #000;
}

.modal a.close-modal {
	position: absolute;
	top: -12.5px;
	right: -12.5px;
	display: block;
	width: 30px;
	height: 30px;
	text-indent: -9999px;
	background: url(images/close.png) no-repeat 0 0;
}

.modal-spinner {
	display: none;
	width: 64px;
	height: 64px;
	position: fixed;
	top: 50%;
	left: 50%;
	margin-right: -32px;
	margin-top: -32px;
	background: url(images/spinner_big.gif) no-repeat center center;
	-webkit-border-radius: 8px;
	-moz-border-radius: 8px;
	-o-border-radius: 8px;
	-ms-border-radius: 8px;
	border-radius: 8px;
}

/** Modal End **/

/** Impromptu Start **/

/*! jQuery-Impromptu - v6.2.1 - 2015-05-10
* http://trentrichardson.com/Impromptu
* Copyright (c) 2015 Trent Richardson; Licensed MIT */

.jqifade{
	position: absolute;
	background-color: #777777;
}
iframe.jqifade{
	display:block;
	z-index:-1;
}
div.jqi{
	width: 400px;
	max-width:90%;
	font-family: Verdana, Geneva, Arial, Helvetica, sans-serif;
	position: absolute;
	background-color: #ffffff;
	font-size: 11px;
	text-align: left;
	border: solid 1px #eeeeee;
	border-radius: 6px;
	-moz-border-radius: 6px;
	-webkit-border-radius: 6px;
	padding: 7px;
}
div.jqi .jqicontainer{
}
div.jqi .jqiclose{
	position: absolute;
	top: 4px; right: -2px;
	width: 18px;
	cursor: default;
	color: #bbbbbb;
	font-weight: bold;
}
div.jqi .jqistate{
	background-color: #fff;
}
div.jqi .jqititle{
	padding: 5px 10px;
	font-size: 16px;
	line-height: 20px;
	border-bottom: solid 1px #eeeeee;
}
div.jqi .jqimessage{
	padding: 10px;
	line-height: 20px;
	color: #444444;
	overflow: auto;
}
div.jqi .jqibuttonshide{
	display: none;
}
div.jqi .jqibuttons{
	text-align: right;
	margin: 0 -7px -7px -7px;
	border-top: solid 1px #e4e4e4;
	background-color: #f4f4f4;
	border-radius: 0 0 6px 6px;
	-moz-border-radius: 0 0 6px 6px;
	-webkit-border-radius: 0 0 6px 6px;
}
div.jqi .jqibuttons button{
	margin: 0;
	padding: 15px 20px;
	background-color: transparent;
	font-weight: normal;
	border: none;
	border-left: solid 1px #e4e4e4;
	color: #777;
	font-weight: bold;
	font-size: 12px;
}
div.jqi .jqibuttons button.jqidefaultbutton{
	color: #489afe;
}
div.jqi .jqibuttons button:hover,
div.jqi .jqibuttons button:focus{
	color: #287ade;
	outline: none;
}
div.jqi .jqibuttons button[disabled]{
	color: #aaa;
}
.jqiwarning .jqi .jqibuttons{
	background-color: #b95656;
}

/* sub states */
div.jqi .jqiparentstate::after{
	background-color: #777;
	opacity: 0.6;
	filter: alpha(opacity=60);
	content: '';
	position: absolute;
	top:0;left:0;bottom:0;right:0;
	border-radius: 6px;
	-moz-border-radius: 6px;
	-webkit-border-radius: 6px;
}
div.jqi .jqisubstate{
	position: absolute;
	top:0;
	left: 20%;
	width: 60%;
	padding: 7px;
	border: solid 1px #eeeeee;
	border-top: none;
	border-radius: 0 0 6px 6px;
	-moz-border-radius: 0 0 6px 6px;
	-webkit-border-radius: 0 0 6px 6px;
}
div.jqi .jqisubstate .jqibuttons button{
	padding: 10px 18px;
}

/* arrows for tooltips/tours */
.jqi .jqiarrow{ position: absolute; height: 0; width:0; line-height: 0; font-size: 0; border: solid 10px transparent;}

.jqi .jqiarrowtl{ left: 10px; top: -20px; border-bottom-color: #ffffff; }
.jqi .jqiarrowtc{ left: 50%; top: -20px; border-bottom-color: #ffffff; margin-left: -10px; }
.jqi .jqiarrowtr{ right: 10px; top: -20px; border-bottom-color: #ffffff; }

.jqi .jqiarrowbl{ left: 10px; bottom: -20px; border-top-color: #ffffff; }
.jqi .jqiarrowbc{ left: 50%; bottom: -20px; border-top-color: #ffffff; margin-left: -10px; }
.jqi .jqiarrowbr{ right: 10px; bottom: -20px; border-top-color: #ffffff; }

.jqi .jqiarrowlt{ left: -20px; top: 10px; border-right-color: #ffffff; }
.jqi .jqiarrowlm{ left: -20px; top: 50%; border-right-color: #ffffff; margin-top: -10px; }
.jqi .jqiarrowlb{ left: -20px; bottom: 10px; border-right-color: #ffffff; }

.jqi .jqiarrowrt{ right: -20px; top: 10px; border-left-color: #ffffff; }
.jqi .jqiarrowrm{ right: -20px; top: 50%; border-left-color: #ffffff; margin-top: -10px; }
.jqi .jqiarrowrb{ right: -20px; bottom: 10px; border-left-color: #ffffff; }

/** Impromptu End */

		]]>
		</stylesheet>
	</stylesheets>
	<templates>
		<template name="footer" version="1810"><![CDATA[<debugstuff>
	</div>
</br>
<div id="footer">			
	<div class="wrapper">
		
				<div class="sag">
					<div class="copy">{$lang->welcome_current_time}</div>
		</div>
		<div class="title">About us</div>
		<div class="content">Hi! I'm a forum. Design me. Hi! I'm a forum. Design me. Hi! I'm a forum. Design me. Hi! I'm a forum. Design me. Hi! I'm a forum. Design me. Hi! I'm a forum. Design me. Hi! I'm a forum. Design me. </div>
	<div class="copy" style="display: inline-block">
		<!-- MyBB is free software developed and maintained by a volunteer community.
					It would be much appreciated by the MyBB Group if you left the full copyright and "powered by" notice intact,
					to show your support for MyBB.  If you choose to remove or modify the copyright below,
					you may be refused support on the MyBB Community Forums.

					This is free software, support us and we'll support you. -->
				{$lang->powered_by} <a href="https://mybb.com" target="_blank">MyBB{$mybbversion}</a>, &copy; 2002-{$copy_year} <a href="https://mybb.com" target="_blank">MyBB Group</a>.
				<!-- End powered by -->
	</div>
		<div class="bn">Theme Designer: #Power</div>
		</div>
	</div>
<!-- The following piece of code allows MyBB to run scheduled tasks. DO NOT REMOVE -->{$task_image}<!-- End task image code -->
{$auto_dst_detection}]]></template>
		<template name="footer_languageselect" version="1810"><![CDATA[<div class="language" style="display: inline-block">
<form method="{$lang_redirect_url['form_method']}" action="{$lang_redirect_url['location']}" id="lang_select">
	{$lang_redirect_url['form_html']}
	<input type="hidden" name="my_post_key" value="{$mybb->post_code}" />
	<select name="language" onchange="MyBB.changeLanguage();">
		<optgroup label="{$lang->select_language}">
			{$lang_options}
		</optgroup>
	</select>
	{$gobutton}
</form>
</div>]]></template>
		<template name="footer_themeselect" version="1810"><![CDATA[<div class="theme" style="display: inline-block">
<form method="{$theme_redirect_url['form_method']}" action="{$theme_redirect_url['location']}" id="theme_select">
	{$theme_redirect_url['form_html']}
	<input type="hidden" name="my_post_key" value="{$mybb->post_code}" />
	{$theme_options}
	{$gobutton}
</form>
</div>]]></template>
		<template name="forumbit_depth1_cat" version="1810"><![CDATA[<table border="0" cellspacing="{$theme['borderwidth']}" cellpadding="{$theme['tablespace']}" class="tborder">
<thead>
<tr>
<td class="thead{$expthead}" colspan="5">
		<div class="expcolimage"><img src="{$theme['imgdir']}/{$expcolimage}" id="cat_{$forum['fid']}_img" class="expander" alt="{$expaltext}" title="{$expaltext}" /></div>
	<strong><a href="{$forum_url}">{$forum['name']}</a></strong>
	<div class="description">{$forum['description']}</div>
</td>
</tr>
</thead>
<tbody style="{$expdisplay}" id="cat_{$forum['fid']}_e">
	{$sub_forums}
</tbody>
</table>
</br>]]></template>
		<template name="forumbit_depth1_cat_subforum" version="1810"><![CDATA[<br /><div class="subfrm"><strong>{$lang->subforums}</strong> {$sub_forums}</div>]]></template>
		<template name="forumbit_depth2_cat" version="1810"><![CDATA[<tr>
<td class="{$bgcolor}" align="center" width="1"><span class="forum_status forum_{$lightbulb['folder']} ajax_mark_read" title="{$lightbulb['altonoff']}" id="mark_read_{$forum['fid']}"></span></td>
<td class="{$bgcolor}">
<strong><a href="{$forum_url}">{$forum['name']}</a></strong>{$forum_viewers_text}<div class="smalltext">{$forum['description']}</div>
</td>
<td class="{$bgcolor}" align="center" style="white-space: nowrap">{$threads}{$unapproved['unapproved_threads']}</td>
<td class="{$bgcolor}" align="center" style="white-space: nowrap">{$posts}{$unapproved['unapproved_posts']}</td>
<td class="{$bgcolor}" align="right" style="white-space: nowrap">{$lastpost}</td>
</tr>
{$subforums}]]></template>
		<template name="forumbit_depth2_forum" version="1810"><![CDATA[<tr>
<td class="{$bgcolor}" align="center" width="1"><span class="forum_status forum_{$lightbulb['folder']} ajax_mark_read" title="{$lightbulb['altonoff']}" id="mark_read_{$forum['fid']}"></span></td>
<td class="{$bgcolor}">
<strong><a href="{$forum_url}">{$forum['name']}</a></strong>{$forum_viewers_text}<div class="smalltext">{$forum['description']}{$modlist}</div>
</td>
<td class="{$bgcolor}" align="right" style="white-space: nowrap" width="200">{$lastpost}</td>
<td class="{$bgcolor}" align="center" style="white-space: nowrap" width="85" id="msjknu"><i class="ion-chatbubble-working" style="color: #F44336;"></i> {$threads}{$unapproved['unapproved_threads']}</br>Threads</td>
<td class="{$bgcolor}" align="center" style="white-space: nowrap" width="85" id="msjknu"><i class="ion-chatbubbles" style="color: #F44336;"></i> {$posts}{$unapproved['unapproved_posts']}</br>Replies</td>
</tr>
{$subforums}]]></template>
		<template name="forumbit_depth2_forum_lastpost" version="1810"><![CDATA[<div class="lastpost">
<i class="ion-chatbox"></i> <a href="{$lastpost_link}" title="{$full_lastpost_subject}"><strong>{$lastpost_subject}</strong></a>
<br />
	<i class="ion-ios-clock"></i> <span>{$lastpost_date}</span><br />
	<i class="ion-person"></i> <span>{$lang->by}</span> {$lastpost_profilelink}
</div>]]></template>
		<template name="forumbit_depth2_forum_lastpost_hidden" version="1810"><![CDATA[<div style="text-align: center;">-</div>]]></template>
		<template name="forumbit_depth2_forum_lastpost_never" version="1810"><![CDATA[<div style="text-align: center;">There's no thread.</div>]]></template>
		<template name="forumbit_subforums" version="1810"><![CDATA[<tr>
<td colspan="5" class="subfrm"><strong>{$lang->subforums}</strong> {$sub_forums}</td>
</tr>]]></template>
		<template name="forumdisplay_newthread" version="1810"><![CDATA[<div class="newthread"><a href="newthread.php?fid={$fid}"><i class="ion-chatbubbles"></i> {$lang->post_thread}</a></div>]]></template>
		<template name="forumdisplay_thread" version="1810"><![CDATA[<tr class="inline_row">
	<td align="center" class="{$bgcolor}{$thread_type_class}" width="2%"><span class="thread_status {$folder}" title="{$folder_label}">&nbsp;</span></td>
	<td align="center" class="{$bgcolor}{$thread_type_class}" width="2%">{$icon}</td>
	<td class="{$bgcolor}{$thread_type_class}">
		{$attachment_count}
		<div>
          <span>{$prefix} {$gotounread}{$thread['threadprefix']}<span class="{$inline_edit_class} {$new_class}" id="tid_{$inline_edit_tid}"><a href="{$thread['threadlink']}">{$thread['subject']}</a></span>{$thread['multipage']}</span>
			<div class="author smalltext">{$thread['profilelink']}</div>
		</div>
	</td>
	<td align="center" class="{$bgcolor}{$thread_type_class}"><a href="javascript:void(0)" onclick="MyBB.whoPosted({$thread['tid']}); return false;">{$thread['replies']}</a>{$unapproved_posts}</td>
	<td align="center" class="{$bgcolor}{$thread_type_class}">{$thread['views']}</td>
	{$rating}
	<td class="{$bgcolor}{$thread_type_class}" style="white-space: nowrap; text-align: right;">
		<span class="lastpost smalltext"><i class="ion-calendar"></i> {$lastpostdate}<br />
			<a href="{$thread['lastpostlink']}"><i class="ion-chatbubbles"></i> <span>{$lang->lastpost}</span></a>: {$lastposterlink}</span>
	</td>
{$modbit}
</tr>]]></template>
		<template name="forumdisplay_threadlist" version="1810"><![CDATA[<div class="float_left">
	{$multipage}
</div>
<div class="float_right">
	{$newthread}
</div>
<table border="0" cellspacing="{$theme['borderwidth']}" cellpadding="{$theme['tablespace']}" class="tborder clear">
	<tr>
		<td class="thead" colspan="{$colspan}">
			<div class="float_right">
				<span class="smalltext"><strong><a href="misc.php?action=markread&amp;fid={$fid}{$post_code_string}">{$lang->markforum_read}</a> | <a href="usercp2.php?action={$add_remove_subscription}subscription&amp;type=forum&amp;fid={$fid}&amp;my_post_key={$mybb->post_code}">{$add_remove_subscription_text}</a>{$clearstoredpass}</strong></span>
			</div>
			<div>
				<strong>{$foruminfo['name']}</strong>
			</div>
		</td>
	</tr>
	<tr>
		<td class="tcat" colspan="3" width="66%"><span class="smalltext"><strong><a href="{$sorturl}&amp;sortby=subject&amp;order=asc">{$lang->thread}</a> {$orderarrow['subject']} / <a href="{$sorturl}&amp;sortby=starter&amp;order=asc">{$lang->author}</a> {$orderarrow['starter']}</strong></span></td>
		<td class="tcat" align="center" width="7%"><span class="smalltext"><strong><a href="{$sorturl}&amp;sortby=replies&amp;order=desc">{$lang->replies}</a> {$orderarrow['replies']}</strong></span></td>
		<td class="tcat" align="center" width="7%"><span class="smalltext"><strong><a href="{$sorturl}&amp;sortby=views&amp;order=desc">{$lang->views}</a> {$orderarrow['views']}</strong></span></td>
		{$ratingcol}
		<td class="tcat" align="right" width="20%"><span class="smalltext"><strong><a href="{$sorturl}&amp;sortby=lastpost&amp;order=desc">{$lang->lastpost}</a> {$orderarrow['lastpost']}</strong></span></td>
		{$inlinemodcol}
	</tr>
	{$selectall}
	{$announcementlist}
	{$threads}
	<tr>
		<td class="tfoot" align="right" colspan="{$colspan}">
			<form action="forumdisplay.php" method="get">
				<input type="hidden" name="fid" value="{$fid}" />
				<select name="sortby">
					<option value="subject"{$sortsel['subject']}>{$lang->sort_by_subject}</option>
					<option value="lastpost"{$sortsel['lastpost']}>{$lang->sort_by_lastpost}</option>
					<option value="starter"{$sortsel['starter']}>{$lang->sort_by_starter}</option>
					<option value="started"{$sortsel['started']}>{$lang->sort_by_started}</option>
					{$ratingsort}
					<option value="replies"{$sortsel['replies']}>{$lang->sort_by_replies}</option>
					<option value="views"{$sortsel['views']}>{$lang->sort_by_views}</option>
				</select>
				<select name="order">
					<option value="asc"{$ordersel['asc']}>{$lang->sort_order_asc}</option>
					<option value="desc"{$ordersel['desc']}>{$lang->sort_order_desc}</option>
				</select>
				<select name="datecut">
					<option value="1"{$datecutsel['1']}>{$lang->datelimit_1day}</option>
					<option value="5"{$datecutsel['5']}>{$lang->datelimit_5days}</option>
					<option value="10"{$datecutsel['10']}>{$lang->datelimit_10days}</option>
					<option value="20"{$datecutsel['20']}>{$lang->datelimit_20days}</option>
					<option value="50"{$datecutsel['50']}>{$lang->datelimit_50days}</option>
					<option value="75"{$datecutsel['75']}>{$lang->datelimit_75days}</option>
					<option value="100"{$datecutsel['100']}>{$lang->datelimit_100days}</option>
					<option value="365"{$datecutsel['365']}>{$lang->datelimit_lastyear}</option>
					<option value="9999"{$datecutsel['9999']}>{$lang->datelimit_beginning}</option>
				</select>
				{$prefixselect}
				{$gobutton}
			</form>
		</td>
	</tr>
</table>
<div class="float_left">
	{$multipage}
</div>
	<br class="clear" />
<div class="float_right" style="text-align: right; margin-top: 5px;">
	{$inlinemod}
	{$searchforum}
	{$forumjump}
</div>
<br class="clear" />
{$inline_edit_js}]]></template>
		<template name="forumdisplay_thread_gotounread" version="1810"><![CDATA[<a href="{$thread['newpostlink']}"><i class="ion-arrow-right-c" title="İlk Okunmamış Yoruma Git"></i></a>]]></template>
		<template name="forumdisplay_usersbrowsing" version="1810"><![CDATA[<div class="userbrowse"><span class="smalltext"><i class="ion-eye"></i> {$lang->users_browsing_forum} {$onlinemembers}{$onlinesep}{$invisonline}{$onlinesep2}{$guestsonline}</span></div>
<br />]]></template>
		<template name="global_pm_alert" version="1810"><![CDATA[<div class="pm_alert" id="pm_notice">
	<div class="float_right"><a href="{$mybb->settings['bburl']}/private.php?action=dismiss_notice&amp;my_post_key={$mybb->post_code}" title="{$lang->dismiss_notice}" onclick="return MyBB.dismissPMNotice('{$mybb->settings['bburl']}/')"><i class="ion-minus-circled" title="{$lang->dismiss_notice}"></i></a></div>
	<div>{$privatemessage_text}</div>
</div>]]></template>
		<template name="header" version="1810"><![CDATA[<div id="container">
		<a name="top" id="top"></a>
			<div id="logo">
				<div class="wrapper">
					<div id="yazimiz">
					<a href="{$mybb->settings['bburl']}/index.php"><i class="ion-flame"></i> {$mybb->settings['bbname']}</a>
					</div>
					<div id="rpmenu">
						<li><a href="index.php"><i class="ion-home"></i> Home Page</a></li>
						<li><a href="portal.php"><i class="ion-earth"></i> Portal</a></li>
						<li><a href="memberlist.php"><i class="ion-ios-people"></i> Member List</a></li>
						<li><a href="showteam.php"><i class="ion-aperture"></i> Show Team</a></li>
					</div>
				</div>
			</div>
		<div id="content">
			<div class="wrapper">
				<div id="mypanel">{$welcomeblock}</div>
				<div id="wblockright"><i class="ion-planet"></i> Welcome, edit me baby!</div>
				{$pm_notice}
				{$remote_avatar_notice}
				{$bannedwarning}
				{$bbclosedwarning}
				{$unreadreports}
				{$pending_joinrequests}
				{$awaitingusers}
				<navigation>
				<br />]]></template>
		<template name="headerinclude" version="1810"><![CDATA[<link rel="alternate" type="application/rss+xml" title="{$lang->latest_threads} (RSS 2.0)" href="{$mybb->settings['bburl']}/syndication.php" />
<link rel="alternate" type="application/atom+xml" title="{$lang->latest_threads} (Atom 1.0)" href="{$mybb->settings['bburl']}/syndication.php?type=atom1.0" />
<meta http-equiv="Content-Type" content="text/html; charset={$charset}" />
<meta http-equiv="Content-Script-Type" content="text/javascript" />
<meta name="viewport" content="width=device-width, initial-scale=1">
<link href="https://fonts.googleapis.com/css?family=Open+Sans:300,400,400i,700,700i" rel="stylesheet"><script type="text/javascript" src="{$mybb->asset_url}/jscripts/jquery.js?ver=1806"></script>
<script type="text/javascript" src="{$mybb->asset_url}/jscripts/jquery.plugins.min.js?ver=1806"></script>
<script type="text/javascript" src="{$mybb->asset_url}/jscripts/general.js?ver=1810"></script>
<script type="text/javascript" src="jscripts/redpower/panel.js"></script>
<link rel="stylesheet" type="text/css" href="https://cdnjs.cloudflare.com/ajax/libs/ionicons/2.0.1/css/ionicons.css">

{$stylesheets}
<script type="text/javascript">
<!--
	lang.unknown_error = "{$lang->unknown_error}";

	lang.select2_match = "{$lang->select2_match}";
	lang.select2_matches = "{$lang->select2_matches}";
	lang.select2_nomatches = "{$lang->select2_nomatches}";
	lang.select2_inputtooshort_single = "{$lang->select2_inputtooshort_single}";
	lang.select2_inputtooshort_plural = "{$lang->select2_inputtooshort_plural}";
	lang.select2_inputtoolong_single = "{$lang->select2_inputtoolong_single}";
	lang.select2_inputtoolong_plural = "{$lang->select2_inputtoolong_plural}";
	lang.select2_selectiontoobig_single = "{$lang->select2_selectiontoobig_single}";
	lang.select2_selectiontoobig_plural = "{$lang->select2_selectiontoobig_plural}";
	lang.select2_loadmore = "{$lang->select2_loadmore}";
	lang.select2_searching = "{$lang->select2_searching}";

	var cookieDomain = "{$mybb->settings['cookiedomain']}";
	var cookiePath = "{$mybb->settings['cookiepath']}";
	var cookiePrefix = "{$mybb->settings['cookieprefix']}";
	var cookieSecureFlag = "{$mybb->settings['cookiesecureflag']}";
	var deleteevent_confirm = "{$lang->deleteevent_confirm}";
	var removeattach_confirm = "{$lang->removeattach_confirm}";
	var loading_text = '{$lang->ajax_loading}';
	var saving_changes = '{$lang->saving_changes}';
	var use_xmlhttprequest = "{$mybb->settings['use_xmlhttprequest']}";
	var my_post_key = "{$mybb->post_code}";
	var rootpath = "{$mybb->settings['bburl']}";
	var imagepath = "{$theme['imgdir']}";
  	var yes_confirm = "{$lang->yes}";
	var no_confirm = "{$lang->no}";
	var MyBBEditor = null;
	var spinner_image = "{$theme['imgdir']}/spinner.gif";
	var spinner = "<img src='" + spinner_image +"' alt='' />";
	var modal_zindex = 9999;
// -->
</script>]]></template>
		<template name="header_welcomeblock_guest" version="1810"><![CDATA[<span class="welcome"><script>var Tarih = new Date();
var Saat = Tarih.getHours();
if ( Saat > 6 && Saat <=10)
{
document.write("Good morning,");
}
else if (Saat > 11 && Saat <=17)
{
document.write("Have a nice day,");
}
else if (Saat  > 17 && Saat <=22)
{
document.write("Good evening,");
}
else
{
document.write("Good night,");
}</script> Guest. <div class="panelbuton"><a href="{$mybb->settings['bburl']}/member.php?action=login" onclick="$('#quick_login').modal({ fadeDuration: 250, keepelement: true, zIndex: (typeof modal_zindex !== 'undefined' ? modal_zindex : 9999) }); return false;" class="login"><i class="ion-log-in"></i> {$lang->welcome_login}</a></div>
<div class="panelbuton"><a href="{$mybb->settings['bburl']}/member.php?action=register" class="register"><i class="ion-android-person-add"></i> {$lang->welcome_register}</a></div></span>
				<div class="modal" id="quick_login" style="display: none;">
					<form method="post" action="{$mybb->settings['bburl']}/member.php">
						<input name="action" type="hidden" value="do_login" />
						<input name="url" type="hidden" value="" />
						<input name="quick_login" type="hidden" value="1" />
						<table width="100%" cellspacing="{$theme['borderwidth']}" cellpadding="{$theme['tablespace']}" border="0" class="tborder">
							<tr>
								<td class="thead" colspan="2"><strong>{$lang->login}</strong></td>
							</tr>
							<tr>
								<td class="trow1" width="25%"><strong>{$login_username}</strong></td>
								<td class="trow1"><input name="quick_username" id="quick_login_username" type="text" value="" class="textbox initial_focus" /></td>
							</tr>
							<tr>
								<td class="trow2"><strong>{$lang->password}</strong></td>
								<td class="trow2">
									<input name="quick_password" id="quick_login_password" type="password" value="" class="textbox" /> <a href="{$mybb->settings['bburl']}/member.php?action=lostpw" class="lost_password">{$lang->lost_password}</a>
								</td>
							</tr>
							<tr>
								<td class="trow1">&nbsp;</td>
								<td class="trow1 remember_me">
									<input name="quick_remember" id="quick_login_remember" type="checkbox" value="yes" class="checkbox" checked="checked" />
									<label for="quick_login_remember">{$lang->remember_me}</label>
								</td>
							</tr>
							<tr>
								<td class="trow2" colspan="2">
									<div align="center"><input name="submit" type="submit" class="button" value="{$lang->login}" /></div>
								</td>
							</tr>
						</table>
					</form>
				</div>
				<script type="text/javascript">
					$("#quick_login input[name='url']").val($(location).attr('href'));
				</script>]]></template>
		<template name="header_welcomeblock_member" version="1810"><![CDATA[<span style="font-weight: bold; color: #555;"><script>var Tarih = new Date();
var Saat = Tarih.getHours();
if ( Saat > 6 && Saat <=10)
{
document.write("Good morning,");
}
else if (Saat > 11 && Saat <=17)
{
document.write("Have a nice day,");
}
else if (Saat  > 17 && Saat <=22)
{
document.write("Good evening,");
}
else
{
document.write("Good night,");
}</script> <a href="member.php?action=profile&uid={$mybb->user['uid']}">{$mybb->user['username']}</a>.</span>
{$usercplink}
{$modcplink}
{$admincplink}
<div class="panelbuton"><a href="{$mybb->settings['bburl']}/member.php?action=logout&amp;logoutkey={$mybb->user['logoutkey']}" class="logout"><i class="ion-log-out"></i> {$lang->welcome_logout}</a></div>]]></template>
		<template name="header_welcomeblock_member_admin" version="1810"><![CDATA[<div class="panelbuton"><a href="{$mybb->settings['bburl']}/{$admin_dir}/index.php" class="admincp" target="_blank"><i class="ion-settings"></i> {$lang->welcome_admin}</a></div>]]></template>
		<template name="header_welcomeblock_member_moderator" version="1810"><![CDATA[<div class="panelbuton"><a href="{$mybb->settings['bburl']}/modcp.php" class="modcp"><i class="ion-wrench"></i> {$lang->welcome_modcp}</a></div>]]></template>
		<template name="header_welcomeblock_member_user" version="1810"><![CDATA[<div class="panelbuton"><a href="{$mybb->settings['bburl']}/usercp.php" class="usercp"><i class="ion-person"></i> {$lang->welcome_usercp}</a></div>]]></template>
		<template name="index" version="1810"><![CDATA[<html>
<head>
<title>{$mybb->settings['bbname']}</title>
{$headerinclude}
<script type="text/javascript">
<!--
	lang.no_new_posts = "{$lang->no_new_posts}";
	lang.click_mark_read = "{$lang->click_mark_read}";
// -->
</script>
</head>
<body>
{$header}
{$forums}
{$boardstats}
<br class="clear" />
{$footer}
</body>
</html>]]></template>
		<template name="index_boardstats" version="1810"><![CDATA[<table border="0" cellspacing="{$theme['borderwidth']}" cellpadding="{$theme['tablespace']}" class="tborder" border="0" width="100%" align="center">
<thead>
<tr>
<td class="thead" colspan="4">
<div class="expcolimage"><img src="{$theme['imgdir']}/collapse{$collapsedimg['boardstats']}.png" id="boardstats_img" class="expander" alt="[-]" title="[-]" /></div>
<div><strong>{$lang->boardstats}</strong></div>
</td>
</tr>
</thead>
<tbody style="{$collapsed['boardstats_e']}" id="boardstats_e">
<tr>
<td width="50%" class="tcat" colspan="2">
<span class="smalltext"><strong>Who's Online</strong> [<a href="online.php">Full List</a>]</span>
</td>
<td width="50%" class="tcat" colspan="2">
<span class="smalltext"><strong>Stats</strong></span>
</td>
</tr>
<tr>
{$whosonline}
{$forumstats}
</tr>
{$birthdays}
<td class="tfoot" style="text-align: center" colspan="4">
<span class="smalltext">
<a href="misc.php?action=markread"><i class="ion-email-unread"></i> Mark Read</a> |
	<a href="showteam.php"><i class="ion-settings"></i> {$lang->forumteam}</a> |
<a href="stats.php"><i class="ion-stats-bars"></i> {$lang->forumstats}</a>| 
{$logoutlink}
</span>
</td>
</tr>
</tbody>
</table>
<br />]]></template>
		<template name="index_logoutlink" version="1810"><![CDATA[ <a href="member.php?action=logout&amp;logoutkey={$mybb->user['logoutkey']}"><i class="ion-log-out"></i> {$lang->index_logout}</a> |]]></template>
		<template name="index_stats" version="1810"><![CDATA[<td class="trow1" width="1" vailgn="middle">
<i class="ion-stats-bars" style="font-size: 72px; color: #F44336;"></i>
</td>
<td class="trow1" valign="top">
<span class="smalltext">
{$lang->stats_posts_threads}<br/>
{$lang->stats_numusers}<br/>
{$lang->stats_newestuser}<br/>
{$lang->stats_mostonline}
</span>
</td>]]></template>
		<template name="index_statspage" version="1810"><![CDATA[| <i class="ion-stats-bars"></i> <a href="stats.php">{$lang->forumstats}</a>]]></template>
		<template name="index_whosonline" version="1810"><![CDATA[<td class="trow1" width="1" vailgn="middle">
	<i class="ion-ios-people" style="font-size: 72px; color: #F44336;"></i>
</td>
<td class="trow1" valign="top">
<span class="smalltext">{$lang->online_note}<br />{$onlinemembers}</span>
</td>]]></template>
		<template name="nav" version="1810"><![CDATA[<div id="navi">
	<a href="{$settings['bburl']}"><i class="ion-earth"></i></a> {$nav}{$activesep}{$activebit}
</div>]]></template>
		<template name="nav_bit" version="1810"><![CDATA[<div class="bit"><a href="{$navbit['url']}">{$navbit['name']}</a></div>{$sep}]]></template>
		<template name="nav_bit_active" version="1810"><![CDATA[{$sep}<div class="bit">{$navbit['name']}</div>]]></template>
		<template name="nav_sep_active" version="1810"><![CDATA[&rsaquo;&rsaquo;]]></template>
		<template name="postbit" version="1810"><![CDATA[{$ignore_bit}{$deleted_bit}
<a name="pid{$post['pid']}" id="pid{$post['pid']}"></a>
<div class="post classic {$unapproved_shade}" style="{$post_visibility}" id="post_{$post['pid']}">
<div class="post_author scaleimages">
	{$post['onlinestatus']}
	<div class="author_information">
			<div class="postbilgi"><strong><span class="largetext">{$post['profilelink']}</span></strong></div><br />
			<span class="smalltext">
				<div class="postbilgi">{$post['usertitle']}</div><br />
				<div class="postbilgi">{$post['userstars']}</div>
				{$post['useravatar']}
				{$post['groupimage']}
			</span>
	</div>
	<div class="author_statistics">
		{$post['user_details']}
	</div>
</div>
<div class="post_content">
	<div class="post_head">
		{$post['posturl']}
		{$post['icon']}
		<span class="post_date">{$post['postdate']} <span class="post_edit" id="edited_by_{$post['pid']}">{$post['editedmsg']}</span></span>
	{$post['subject_extra']}
	</div>
	<div class="post_body scaleimages" id="pid_{$post['pid']}">
		{$post['message']}
	</div>
	{$post['attachments']}
	{$post['signature']}
	<div class="post_meta" id="post_meta_{$post['pid']}">
		{$post['iplogged']}
	</div>
</div>
<div class="post_controls">
	<div class="postbit_buttons author_buttons float_left">
		{$post['button_email']}{$post['button_pm']}{$post['button_www']}{$post['button_find']}{$post['button_rep']}
	</div>
	<div class="postbit_buttons post_management_buttons float_right">
		{$post['button_edit']}{$post['button_quickdelete']}{$post['button_quickrestore']}{$post['button_quote']}{$post['button_multiquote']}{$post['button_report']}{$post['button_warn']}{$post['button_purgespammer']}{$post['button_reply_pm']}{$post['button_replyall_pm']}{$post['button_forward_pm']}{$post['button_delete_pm']}
	</div>
</div>
</div>]]></template>
		<template name="postbit_author_user" version="1810"><![CDATA[<div class="postbuton"><i class="ion-chatbubbles"></i> {$lang->postbit_posts} {$post['postnum']}</div>
<div class="postbuton"><i class="ion-ios-chatbubble"></i> {$lang->postbit_threads} {$post['threadnum']}</div>
<div class="postbuton"><i class="ion-calendar"></i> {$lang->postbit_joined} {$post['userregdate']}</div>
	{$post['replink']}{$post['profilefield']}{$post['warninglevel']}]]></template>
		<template name="postbit_avatar" version="1810"><![CDATA[<div class="author_avatar"><a href="{$post['profilelink_plain']}"><img src="{$useravatar['image']}" alt="" width="100" height="100" /></a></div>]]></template>
		<template name="postbit_away" version="1810"><![CDATA[<div class="postaway"><a href="{$post['profilelink_plain']}" title="{$lang->postbit_status_away}">UZAKTA</a></div>]]></template>
		<template name="postbit_delete_pm" version="1810"><![CDATA[<div class="postbutton"><a href="private.php?action=delete&amp;pmid={$id}&amp;my_post_key={$mybb->post_code}" title="{$lang->delete_title}" class="postbit_delete_pm"><i class="ion-close-circled"></i> {$lang->postbit_button_delete_pm}</a></div>]]></template>
		<template name="postbit_edit" version="1810"><![CDATA[<div class="postbutton"><a href="editpost.php?pid={$post['pid']}" id="edit_post_{$post['pid']}" title="{$lang->postbit_edit}" class="postbit_edit"><i class="ion-edit"></i> {$lang->postbit_button_edit}</a></div>
<div id="edit_post_{$post['pid']}_popup" class="popup_menu" style="display: none;"><div class="popup_item_container"><a href="javascript:void(0)" class="popup_item quick_edit_button" id="quick_edit_post_{$post['pid']}">{$lang->postbit_quick_edit}</a></div><div class="popup_item_container"><a href="editpost.php?pid={$post['pid']}" class="popup_item">{$lang->postbit_full_edit}</a></div></div>
<script type="text/javascript">
// <!--
	if(use_xmlhttprequest == "1")
	{
		$("#edit_post_{$post['pid']}").popupMenu();
	}
// -->
</script>]]></template>
		<template name="postbit_email" version="1810"><![CDATA[<div class="postbutton"><a href="member.php?action=emailuser&amp;uid={$post['uid']}" title="{$lang->postbit_email}"><i class="ion-email"></i> {$lang->postbit_button_email}</a></div>]]></template>
		<template name="postbit_find" version="1810"><![CDATA[<div class="postbutton"><a href="search.php?action=finduser&amp;uid={$post['uid']}" title="{$lang->postbit_find}" class="postbit_find"><i class="ion-ios-search-strong"></i> {$lang->postbit_button_find}</a></div>]]></template>
		<template name="postbit_forward_pm" version="1810"><![CDATA[<div class="postbutton"><a href="private.php?action=send&amp;pmid={$id}&amp;do=forward" title="{$lang->forward_title}" class="postbit_forward_pm"><i class="ion-forward"></i> {$lang->postbit_button_forward}</a></div>]]></template>
		<template name="postbit_multiquote" version="1810"><![CDATA[<div class="postbutton"><a href="javascript:void(0)" onclick="Thread.multiQuote({$post['pid']}); return false;" style="display: none;" id="multiquote_link_{$post['pid']}" title="{$lang->postbit_multiquote}" class="postbit_multiquote"><i class="ion-plus-round"></i> {$lang->postbit_button_multiquote}</a></div>
<script type="text/javascript">
//<!--
	$('#multiquote_link_{$post['pid']}').css("display", "");
// -->
</script>]]></template>
		<template name="postbit_offline" version="1810"><![CDATA[<div class="postoffline">OFFLINE</div>]]></template>
		<template name="postbit_online" version="1810"><![CDATA[<div class="postonline"><a href="online.php" title="{$lang->postbit_status_online}">ONLINE</a></div>]]></template>
		<template name="postbit_pm" version="1810"><![CDATA[<div class="postbutton"><a href="private.php?action=send&amp;uid={$post['uid']}" title="{$lang->postbit_pm}" class="postbit_pm"><i class="ion-paper-airplane"></i> {$lang->postbit_button_pm}</a></div>]]></template>
		<template name="postbit_quickdelete" version="1810"><![CDATA[]]></template>
		<template name="postbit_quote" version="1810"><![CDATA[<div class="postbutton"><a href="newreply.php?tid={$tid}&amp;replyto={$post['pid']}" title="{$lang->postbit_quote}" class="postbit_quote"><i class="ion-reply"></i> {$lang->postbit_button_quote}</a></div>]]></template>
		<template name="postbit_reply_pm" version="1810"><![CDATA[<div class="postbutton"><a href="private.php?action=send&amp;pmid={$id}&amp;do=reply" title="{$lang->reply_title}" class="postbit_reply_pm"><i class="ion-reply"></i> {$lang->postbit_button_reply_pm}</a></div>]]></template>
		<template name="postbit_report" version="1810"><![CDATA[<div class="postbutton"><a href="javascript:void(0)" onclick="Report.reportPost({$post['pid']}); return false;" title="{$lang->postbit_report}" class="postbit_report"><i class="ion-flag"></i> {$lang->postbit_button_report}</span></a></div>]]></template>
		<template name="postbit_reputation" version="1810"><![CDATA[<div class="postbuton" style="display: inline-block; float: left;"><div class="rep"><i class="ion-paper-airplane"></i> Rep: {$post['userreputation']}</div></div>]]></template>
		<template name="postbit_rep_button" version="1810"><![CDATA[<div class="postbutton"><a href="javascript:void(0)" onclick="MyBB.reputation({$post['uid']},{$post['pid']}); return false;" title="{$lang->postbit_reputation_add}" class="postbit_reputation_add"><i class="ion-thumbsup"></i> {$lang->postbit_button_reputation_add}</a></div>]]></template>
		<template name="postbit_warn" version="1810"><![CDATA[<div class="postbutton"><a href="warnings.php?action=warn&amp;uid={$post['uid']}&amp;pid={$post['pid']}" title="{$lang->postbit_warn}" class="postbit_warn"><i class="ion-alert-circled"></i> {$lang->postbit_button_warn}</a></div>]]></template>
		<template name="postbit_warninglevel" version="1810"><![CDATA[<div class="postbuton" style="float: right; display: inline-block">Uyarı: <a href="{$warning_link}">{$warning_level}</a></div>]]></template>
		<template name="postbit_www" version="1810"><![CDATA[<div class="postbutton"><a href="{$post['website']}" target="_blank" title="{$lang->postbit_website}" class="postbit_website"><i class="ion-earth"></i> {$lang->postbit_button_website}</a></div>]]></template>
		<template name="showthread" version="1810"><![CDATA[<html>
<head>
<title>{$thread['subject']}</title>
{$headerinclude}
<script type="text/javascript">
<!--
	var quickdelete_confirm = "{$lang->quickdelete_confirm}";
	var quickrestore_confirm = "{$lang->quickrestore_confirm}";
	var allowEditReason = "{$mybb->settings['alloweditreason']}";
	lang.save_changes = "{$lang->save_changes}";
	lang.cancel_edit = "{$lang->cancel_edit}";
	lang.quick_edit_update_error = "{$lang->quick_edit_update_error}";
	lang.quick_reply_post_error = "{$lang->quick_reply_post_error}";
	lang.quick_delete_error = "{$lang->quick_delete_error}";
	lang.quick_delete_success = "{$lang->quick_delete_success}";
	lang.quick_delete_thread_success = "{$lang->quick_delete_thread_success}";
	lang.quick_restore_error = "{$lang->quick_restore_error}";
	lang.quick_restore_success = "{$lang->quick_restore_success}";
	lang.editreason = "{$lang->postbit_editreason}";
// -->
</script>
<!-- jeditable (jquery) -->
<script type="text/javascript" src="{$mybb->asset_url}/jscripts/report.js?ver=1804"></script>
<script src="{$mybb->asset_url}/jscripts/jeditable/jeditable.min.js"></script>
<script type="text/javascript" src="{$mybb->asset_url}/jscripts/thread.js?ver=1809"></script>
</head>
<body>
	{$header}
	{$threadnotesbox}
	{$pollbox}
	{$usersbrowsing}
	<div class="float_left">
		{$multipage}
	</div>
	<div class="float_right">
		{$newthread}{$newreply}
	</div>
	<table border="0" cellspacing="{$theme['borderwidth']}" cellpadding="{$theme['tablespace']}" class="tborder tfixed clear">
		<tr>
			<td class="thead">
				<div class="float_right">
					<span style="margin-right: 10px;">{$ratethread}</span>
					<span class="smalltext" style="background: #F44336; color: #fff; padding: 2px; margin-left: 2px; border-radius: 2px;"><strong><i class="ion-eye" title="Görüntülenme" alt="Görüntülenme: "></i> {$thread['views']}</span>
						<span class="smalltext" style="background: #F44336; color: #fff; padding: 2px; margin-left: 2px; border-radius: 2px;"><strong><i class="ion-chatbubbles" title="Cevaplar" alt="Cevaplar: "></i> {$thread['replies']}</span>
				</div>
				<div>
					<strong>{$thread['threadprefix']}{$thread['subject']}</strong>
				</div>
			</td>
		</tr>
<tr><td id="posts_container">
	<div id="posts">
		{$posts}
	</div>
</td></tr>
		<tr>
			<td class="tfoot">
				{$search_thread}
				<div>
					<strong>&laquo; <a href="{$next_oldest_link}">{$lang->next_oldest}</a> | <a href="{$next_newest_link}">{$lang->next_newest}</a> &raquo;</strong>
				</div>
			</td>
		</tr>
	</table>
	<div class="float_left">
		{$multipage}
	</div>
	<br class="clear" />
	{$quickreply}
	{$threadexbox}
	{$similarthreads}
	<br />
	<div class="float_left">
		<ul class="thread_tools">
			<li class="printable"><a href="printthread.php?tid={$tid}">{$lang->view_printable}</a></li>
			{$sendthread}
			{$addremovesubscription}
			{$addpoll}
		</ul>
	</div>

	<div class="float_right" style="text-align: right;">
		{$moderationoptions}
		{$forumjump}
	</div>
	<br class="clear" />
	{$footer}
	<div id="thread_modes_popup" class="popup_menu" style="display: none;"><div class="popup_item_container"><a href="showthread.php?mode=linear&amp;tid={$tid}&amp;pid={$pid}#pid{$pid}" class="popup_item">{$lang->linear}</a></div><div class="popup_item_container"><a href="showthread.php?mode=threaded&amp;tid={$tid}&amp;pid={$pid}#pid{$pid}" class="popup_item">{$lang->threaded}</a></div></div>
	<script type="text/javascript">
	// <!--
		if(use_xmlhttprequest == "1")
		{
			$("#thread_modes").popupMenu();
		}
	// -->
	</script>
	<script type="text/javascript">
		$(".author_avatar img").error(function () {
			$(this).unbind("error").closest('.author_avatar').remove();
		});
	</script>
</body>
</html>]]></template>
		<template name="showthread_newreply" version="1810"><![CDATA[<div class="newthread"><i class="ion-chatbubble"></i> <a href="newreply.php?tid={$tid}">{$lang->new_reply}</a></div>]]></template>
		<template name="showthread_newthread" version="1810"><![CDATA[<div class="newthread" style="margin-right: 5px;"><a href="newthread.php?fid={$fid}"><i class="ion-chatbubbles"></i> New Thread</a></div>]]></template>
		<template name="showthread_ratethread" version="1810"><![CDATA[
		<script type="text/javascript">
		<!--
			lang.ratings_update_error = "{$lang->ratings_update_error}";
		// -->
		</script>
		<script type="text/javascript" src="{$mybb->asset_url}/jscripts/rating.js?ver=1808"></script>
		<strong class="float_left" style="padding-right: 10px;">{$lang->thread_rating}</strong>
		<div class="inline_rating">
			<ul class="star_rating{$not_rated}" id="rating_thread_{$thread['tid']}">
				<li style="width: {$thread['width']}%" class="current_rating" id="current_rating_{$thread['tid']}">{$ratingvotesav}</li>
				<li><a class="one_star" title="{$lang->one_star}" href="./ratethread.php?tid={$thread['tid']}&amp;rating=1&amp;my_post_key={$mybb->post_code}">1</a></li>
				<li><a class="two_stars" title="{$lang->two_stars}" href="./ratethread.php?tid={$thread['tid']}&amp;rating=2&amp;my_post_key={$mybb->post_code}">2</a></li>
				<li><a class="three_stars" title="{$lang->three_stars}" href="./ratethread.php?tid={$thread['tid']}&amp;rating=3&amp;my_post_key={$mybb->post_code}">3</a></li>
				<li><a class="four_stars" title="{$lang->four_stars}" href="./ratethread.php?tid={$thread['tid']}&amp;rating=4&amp;my_post_key={$mybb->post_code}">4</a></li>
				<li><a class="five_stars" title="{$lang->five_stars}" href="./ratethread.php?tid={$thread['tid']}&amp;rating=5&amp;my_post_key={$mybb->post_code}">5</a></li>
			</ul>
		</div>]]></template>
		<template name="showthread_usersbrowsing" version="1810"><![CDATA[<div class="userbrowse"><span class="smalltext"><i class="ion-eye"></i> {$lang->users_browsing_thread} {$onlinemembers}{$onlinesep}{$invisonline}{$onlinesep2}{$guestsonline}</span></div>
<br />]]></template>
	</templates>
</theme>