<?xml version="1.0" encoding="UTF-8"?>
<tasks version="1400" exported="">
	<task>
		<title>每小时清理</title>
		<description><![CDATA[清除旧的搜索，验证码图片和过期的重定向。]]></description>
		<file>hourlycleanup</file>
		<minute>0</minute>
		<hour>*</hour>
		<day>*</day>
		<weekday>*</weekday>
		<month>*</month>
		<enabled>1</enabled>
		<logging>1</logging>
	</task>
	<task>
		<title>每天清理</title>
		<description><![CDATA[清除旧的sessions和读取主题。]]></description>
		<file>dailycleanup</file>
		<minute>0</minute>
		<hour>0</hour>
		<day>*</day>
		<weekday>*</weekday>
		<month>*</month>
		<enabled>1</enabled>
		<logging>1</logging>
	</task>
	<task>
		<title>每半小时用户清理</title>
		<description><![CDATA[自动过期封禁、警告、帖子挂起和为用户处理次数。]]></description>
		<file>usercleanup</file>
		<minute>30,59</minute>
		<hour>*</hour>
		<day>*</day>
		<weekday>*</weekday>
		<month>*</month>
		<enabled>1</enabled>
		<logging>1</logging>
	</task>
	<task>
		<title>每周备份</title>
		<description><![CDATA[每周自动备份数据库到备份目录。]]></description>
		<file>backupdb</file>
		<minute>0</minute>
		<hour>0</hour>
		<day>*</day>
		<weekday>0</weekday>
		<month>*</month>
		<enabled>0</enabled>
		<logging>1</logging>
	</task>
	<task>
		<title>晋升系统</title>
		<description><![CDATA[每隔20分钟自动运行晋升系统。]]></description>
		<file>promotions</file>
		<minute>5,25,45</minute>
		<hour>*</hour>
		<day>*</day>
		<weekday>*</weekday>
		<month>*</month>
		<enabled>1</enabled>
		<logging>1</logging>
	</task>
	<task>
		<title>主题阅览次数</title>
		<description><![CDATA[每隔15分钟自动更新主题阅览次数。当改变“延迟主题阅览次数”设置时，该任务将自动设为启用或禁用。]]></description>
		<file>threadviews</file>
		<minute>10,25,40,55</minute>
		<hour>*</hour>
		<day>*</day>
		<weekday>*</weekday>
		<month>*</month>
		<enabled>0</enabled>
		<logging>1</logging>
	</task>
	<task>
		<title>数据表检查</title>
		<description><![CDATA[自动检查数据表并试图修复损坏的表。]]></description>
		<file>checktables</file>
		<minute>0</minute>
		<hour>*</hour>
		<day>*</day>
		<weekday>*</weekday>
		<month>*</month>
		<enabled>0</enabled>
		<logging>1</logging>
	</task>
	<task>
		<title>清除日志</title>
		<description><![CDATA[自动清除旧的MyBB日志(管理员、版主、任务、晋升和邮件日志)。]]></description>
		<file>logcleanup</file>
		<minute>21</minute>
		<hour>5</hour>
		<day>*</day>
		<weekday>*</weekday>
		<month>*</month>
		<enabled>1</enabled>
		<logging>1</logging>
	</task>
	<task>
		<title>群发邮件</title>
		<description><![CDATA[每隔15分钟自动发送群发邮件队列中的邮件。]]></description>
		<file>massmail</file>
		<minute>10,25,40,55</minute>
		<hour>*</hour>
		<day>*</day>
		<weekday>*</weekday>
		<month>*</month>
		<enabled>1</enabled>
		<logging>1</logging>
	</task>
	<task>
		<title>用户清理</title>
		<description><![CDATA[每天根据设定的标准自动清理用户。]]></description>
		<file>userpruning</file>
		<minute>*</minute>
		<hour>2</hour>
		<day>*</day>
		<weekday>*</weekday>
		<month>*</month>
		<enabled>1</enabled>
		<logging>1</logging>
	</task>
	<task>
		<title>延迟的处理</title>
		<description><![CDATA[每24小时自动执行延迟的处理操作。]]></description>
		<file>delayedmoderation</file>
		<minute>0</minute>
		<hour>0</hour>
		<day>*</day>
		<weekday>*</weekday>
		<month>*</month>
		<enabled>1</enabled>
		<logging>1</logging>
	</task>
	<task>
		<title>版本检查</title>
		<description><![CDATA[每天自动检查MyBB的新版本。]]></description>
		<file>versioncheck</file>
		<minute>0</minute>
		<hour>0</hour>
		<day>*</day>
		<weekday>*</weekday>
		<month>*</month>
		<enabled>1</enabled>
		<logging>1</logging>
	</task>
    <task>
        <title>样式表重载缓存</title>
        <description><![CDATA[重新加载样式表缓存到文件系统，包括最小化的样式。]]></description>
        <file>recachestylesheets</file>
        <minute>0</minute>
        <hour>0</hour>
        <day>1</day>
        <weekday>0</weekday>
        <month>0</month>
        <enabled>0</enabled>
        <logging>1</logging>
    </task>
</tasks>