<?xml version="1.0" encoding="UTF-8"?>
<theme name="jarvis" version="1804">
	<properties>
		<templateset><![CDATA[5]]></templateset>
		<editortheme><![CDATA[default.css]]></editortheme>
		<imgdir><![CDATA[images/ironman]]></imgdir>
		<logo><![CDATA[images/ironman/logo.gif]]></logo>
		<tablespace><![CDATA[1]]></tablespace>
		<borderwidth><![CDATA[1]]></borderwidth>
		<color><![CDATA[]]></color>
		<disporder><![CDATA[a:7:{s:10:"global.css";i:1;s:10:"usercp.css";i:2;s:9:"modcp.css";i:3;s:16:"star_ratings.css";i:4;s:14:"showthread.css";i:5;s:17:"thread_status.css";i:6;s:8:"css3.css";i:7;}]]></disporder>
	</properties>
	<stylesheets>
		<stylesheet name="global.css" version="1804"><![CDATA[
body {
	background: #000;
	color: #FFDE03;
	text-align: center;
	line-height: 1.4;
	margin: 0;
	overflow-y: scroll;
	
	font-family: Tahoma, Verdana, Arial, Sans-Serif;
	font-size: 13px;
}

a:link {
	color: #FFDE03;
	text-decoration: none;
}

a:visited {
	color: #FFDE03;
	text-decoration: none;
}

a:hover,
a:active {
	color: #FFF;
	text-decoration: underline;
}

#container {
	background: #000;
	width: 950px;
	color: #FFDE03;
	text-align: left;
	line-height: 1.4;
	margin: 0;
	min-width: 975px;
	border: 2px solid #FFDE03;
	margin: auto auto;
	padding: 0px;
	text-align: left;
	border: 2px solid;
	border-top-right-radius: 7px;
	border-top-left-radius: 7px;
	border-bottom-right-radius: 7px;
	border-bottom-left-radius: 7px;
	
	font-family: Tahoma, Verdana, Arial, Sans-Serif;
	font-size: 13px;
}

.wrapper {
	width: 100%;
	min-width: 950px;
	max-width: 1500px;
	margin: auto auto;
}

#logo {
	background: #000;
	padding: 0px 0;
	border-bottom: 1px solid #263c30;
	text-align: center;
}

#content {
	background: #011930;
	width: auto !important;
	color: #FFDE03;
	padding: 20px 10px;
	overflow: hidden;
}

#header ul.menu {
	margin: 0;
	padding: 0;
	list-style: none;
}

#header ul.menu li {
	margin: 0 7px;
	display: inline;
}

#header ul.menu li a {
	padding-left: 20px;
	background-image: url(images/headerlinks_sprite.png);
	background-repeat: no-repeat;
	display: inline-block;
}

#logo ul.top_links {
	text-align: right;
	margin: 2px 5px 0 0;
	
	font-weight: bold;
}

#logo ul.top_links a.search {
	background-position: 0 0;
}

#logo ul.top_links a.memberlist {
	background-position: 0 -20px;
}

#logo ul.top_links a.calendar {
	background-position: 0 -40px;
}

#logo ul.top_links a.help {
	background-position: 0 -60px;
}

#logo ul.top_links a.portal {
	background-position: 0 -180px;
}

#panel .upper a.logout {
	font-weight: bold;
	background: url(images/headerlinks_sprite.png) right -80px no-repeat;
	padding-right: 20px;
	margin-left: 10px;
}

#panel .upper a.login,
#panel .upper a.lost_password {
	background: url(images/headerlinks_sprite.png) 0 -100px no-repeat;
	padding-left: 20px;
	margin-left: 10px;
	font-weight: bold;
}

#panel .upper a.register {
	background: url(images/headerlinks_sprite.png) right -80px no-repeat;
	padding-right: 20px;
	margin-left: 10px;
	font-weight: bold;
}

#panel .lower ul.panel_links {
	color: #F5D903;
	float: left;
}

#panel .lower ul.panel_links a.usercp {
	background-position: 0 -120px;
}

#panel .lower ul.panel_links a.modcp {
	background-position: 0 -140px;
}

#panel .lower ul.panel_links a.admincp {
	background-position: 0 -160px;
}

#panel .lower ul.user_links {
	float: right;
}

#panel .lower ul.user_links li a {
	padding: 0;
	background-image: none;
}

#panel .upper {
	background: #0f0f0f url(images/ironman/nav.png) repeat-x;
	color: #FFDE03;
	border-top: 1px solid #444;
	border-bottom: 1px solid #000;
	padding: 7px;
	clear: both;
}

#panel .upper a:link,
#panel .upper a:visited,
#panel .upper a:hover,
#panel .upper a:active {
	color: #fff;
}

#panel .lower {
	background: #004F93;
	color: #F5D903;
	border-top: 1px solid #F5D903;
	padding: 5px;
	border-bottom: 1px solid #F5D903;
}

#panel .lower a:link,
#panel .lower a:visited,
#panel .lower a:hover,
#panel .lower a:active {
	color: #efefef;
}

#search {
	border: 0;
	padding: 0;
	margin: 0;
	float: right;
	vertical-align: middle;
}

#search input.button,
#search input.textbox {
	border-color: #000;
}

#search input.button {
	background: #FFDE03;
	color: #000;
}

#search input {
	margin: -3px 0;
}

#quick_login .remember_me input {
	vertical-align: middle;
	margin: -3px 0 0 5px;
}

#footer {
	clear: both;
}

#footer ul.menu {
	margin: 0;
	padding: 0;
	list-style: none;
}

#footer ul.menu li {
	margin: 0 5px;
	display: inline;
}

#footer .upper {
	background: #0f0f0f url(images/ironman/nav.png) repeat-x;
	color: #fff;
	border-top: 1px solid #111;
	border-bottom: 1px solid #111;
	padding: 6px;
	overflow: hidden;
	
	font-size: 12px;
}

#footer a:link,
#footer a:visited,
#footer a:hover,
#footer a:active {
	color: #777;
}

#footer .upper .language {
	float: right;
	margin: -1px;
	margin-left: 15px;
}

#footer .upper .language select {
	border-color: #ccc;
}

#footer .upper .theme {
	float: right;
	margin: -1px;
	margin-left: 15px;
}

#footer .upper .theme select {
	border-color: #ccc;
}

#footer .upper ul.bottom_links {
	float: left;
	margin: 4px 0 0 0;
}

#footer .lower {
	color: #efefef;
	padding: 6px 6px 12px 6px;
	overflow: hidden;
	font-size: 11px;
}

#footer .lower a:link,
#footer .lower a:visited {
	color: #FFD604;
	font-weight: bold;
}

#footer .lower a:hover,
#footer .lower a:active {
	color: #efefef;
	text-decoration: underline;
	font-weight: bold;
}

#footer .lower #current_time {
	float: right;
	color: #efefef;
}

#debug {
	float: right;
	text-align: right;
	margin-top: 20px;
	font-size: 11px;
}

.scaleimages img {
	max-width: 100%;
}

.forum_status {
height: 50px;
width: 50px;
font-size: 30px;
text-align: center;
}

.forum_status i {
display: inline-block;
line-height: 50px;
}

.forum_on {
	background: url(images/ironman/on.png) repeat-x;
	width: 50px;
	color: Transparent;
	height: 70px;
}

.forum_off, .forum_offlock, .forum_offlink {
	background: url(images/ironman/off.png) repeat-x;
	width: 50px;
	color: Transparent;
	height: 70px;
}

.forum_off i {
}

.forum_offlock i:before {
}

.forum_offlink i:before {
}

.subforumicon {
height: 10px;
width: 10px;
display: inline-block;
  margin: 0 5px;
}

.subforum_minion {
color: #333;
}

.subforum_minioff, .subforum_miniofflock, .subforum_miniofflink {
color: #333;
}

.subforum_minioff {
opacity: .4;
}

.subforum_miniofflock i:before {
content: "\f023";
}

.subforum_miniofflink i:before {
content: "\f0c1";
}

table {
	color: #fff;
	font-size: 13px;
}

.tborder {
	margin: auto auto;
	padding: 1px;
	border: 1px solid #111;
	width: 100%;
}

.tfixed {
	table-layout: fixed;
	word-wrap: break-word;
}

.thead {
	background: #011930 url(images/ironman/thead.png) repeat-x;
	color: #ffffff;
	border-bottom: 1px solid #263c30;
	padding: 8px;
}

.thead a:link {
	color: #FFDE03;
	text-decoration: none;
}

.thead a:visited {
	color: #ffffff;
	text-decoration: none;
}

.thead a:hover,
.thead a:active {
	color: #ffffff;
	text-decoration: underline;
}

.tcat {
	background: #01111A url(images/ironman/nav.png) repeat-x;
	color: #fff;
	border-top: 1px solid #444;
	border-bottom: 1px solid #000;
	padding: 6px;
	
	font-size: 12px;
}

.tcat a:link {
	color: #fff;
}

.tcat a:visited {
	color: #fff;
}

.tcat a:hover,
.tcat a:active {
	color: #fff;
}

.trow1 {
	background: #051626;
	color: #efefef;
	border-bottom: 1px solid #67E9FD;
	border-top: 1px solid rgba(255, 255, 255, 0.11);
	text-shadow: 0 1px 0 #01376A;
}

.trow2 {
	background: #051626;
	color: #efefef;
	border-bottom: 1px solid #67E9FD;
	border-top: 1px solid rgba(255, 255, 255, 0.11);
	text-shadow: 0 1px 0 #01376A;
}

.trow_shaded {
	  background: none repeat scroll 0 0 #1d1d1d;
}

.no_bottom_border {
	border-bottom: 0;
}

.post.unapproved_post {
	background: #ffdde0;
}

.post.unapproved_post .post_author {
	border-bottom-color: #ffb8be;
}

.post.classic.unapproved_post .post_author {
	border-color: #ffb8be;
}

.post.unapproved_post .post_controls {
	border-top-color: #ffb8be;
}

.trow_deleted,
.post.deleted_post {
	background: #E8DEFF;
}

.trow_selected,
tr.trow_selected td {
	background: #FFFBD9;
	color: #333;
	border-right-color: #F7E86A;
	border-bottom-color: #F7E86A;
}

.trow_selected a:link,
.trow_selected a:visited,
.trow_selected a:hover,
.trow_selected a:active {
	color: #333;
}

.trow_sep {
	background: #01111A url(images/ironman/thead.png) repeat-x;
	color: #fff;
	border-bottom: 1px solid #c5c5c5;
	padding: 6px;
	
	font-size: 12px;
	font-weight: bold;
}

.tfoot {
	background: #011B2A;
	color: #efefef;
	border-top: 1px solid #111;
	padding: 6px;
}

.tfoot a:link {
	color: #fff;
	text-decoration: none;
}

.tfoot a:visited {
	color: #efefef;
	text-decoration: none;
}

.tfoot a:hover,
.tfoot a:active {
	color: #efefef;
	text-decoration: underline;
}

.thead input.textbox,
.thead select {
	border: 1px solid #263c30;
}

.bottommenu {
	background: #efefef;
	color: #333;
	border: 1px solid #4874a3;
	padding: 10px;
}

.navigation {
	color: #efefef;
	font-size: 12px;
}

.navigation a:link {
	text-decoration: none;
}

.navigation a:visited {
	text-decoration: none;
}

.navigation a:hover,
.navigation a:active {
	text-decoration: underline;
}

.navigation .active {
	color: #efefef;
	font-size: small;
	font-weight: bold;
}

.smalltext {
	font-size: 11px;
}

.largetext {
	font-size: 16px;
	font-weight: bold;
}

fieldset {
	padding: 6px;
	border: 1px solid #111;
	margin: 0;
}

fieldset.trow1,
fieldset.trow2 {
	border-color: #bbb;
}

fieldset.align_right {
	text-align: right;
}

input.textbox {
	background: #ffffff;
	color: #333;
	border: 1px solid #ccc;
	padding: 3px;
	outline: 0;
	font-size: 13px;
	font-family: Tahoma, Verdana, Arial, Sans-Serif;
}

textarea {
	background: #222;
	color: #efefef;
	border: 1px solid #0f0f0f;
	padding: 2px;
	line-height: 1.4;
	outline: 0;
	font-family: Tahoma, Verdana, Arial, Sans-Serif;
	font-size: 13px;
}

select {
	background: #555;
  color: #efefef
	padding: 3px;
	border: 1px solid #111;
	outline: 0;
	font-family: Tahoma, Verdana, Arial, Sans-Serif;
	font-size: 13px;
}

button,
input.button {
	padding: 3px 8px;
	cursor: pointer;
	font-family: Tahoma, Verdana, Arial, Sans-Serif;
	font-size: 13px;
	background: #eee url(images/buttons_bg.png) repeat-x;
	border: 1px solid #bbb;
	color: #333;
	outline: 0;
}

button:hover,
input.button:hover {
	border-color: #aaa;
}

form {
	margin: 0;
	padding: 0;
}

form input.error {
	border: 1px solid #f30;
	color: #f30;
	background: #ffffff;
	padding: 3px;
	outline: 0;
	font-size: 13px;
	font-family: Tahoma, Verdana, Arial, Sans-Serif;
}

form input.valid {
	border: 1px solid #0c0;
	background: #ffffff;
	padding: 3px;
	outline: 0;
	font-size: 13px;
	font-family: Tahoma, Verdana, Arial, Sans-Serif;
}

form label.error {
	color: #f30;
	margin: 5px;
	padding: 0px;
	display: block;
	font-weight: bold;
	font-size: 11px;
}

form #message {
    width: 500px;
}

.editor {
	background: #f1f1f1;
	border: 1px solid #ccc;
}

.editor_control_bar {
	background: #212121;
	border: 1px solid #0f0f0f;
}

.post .editor_control_bar {
	background: #f5f5f5;
}

.popup_menu {
	background: #fff;
	border: 1px solid #ccc;
}

.popup_menu .popup_item {
	background: #efefef;
	color: #333;
}

.popup_menu .popup_item:hover {
	background: #0072BC;
	color: #fff;
}

.trow_reputation_positive {
	background: #ccffcc;
}

.trow_reputation_negative {
	background: #ffcccc;
}

.reputation_positive {
	color: green;
}

.reputation_neutral {
	color: #444;
}

.reputation_negative {
	color: red;
}

.repbox {
	font-size:16px;
	font-weight: bold;
	padding:5px 7px 5px 7px;
}

._neutral {
	background-color:#FAFAFA;
	color: #999999;
	border:1px solid #CCCCCC;
}

._minus {
	background-color: #FDD2D1;
	color: #CB0200;
	border:1px solid #980201;
}

._plus {
	background-color:#E8FCDC;
	color: #008800;
	border:1px solid #008800;
}

img {
	border: none;
}

img.attachment {
	border: 1px solid #E9E5D7;
	padding: 2px;
}

hr {
	background-color: #000000;
	color: #000000;
	height: 1px;
	border: 0px;
}

.clear {
	clear: both;
}

.float_left {
	float: left;
}

.float_right {
	float: right;
}

.hidden {
	display: none;
	float: none;
	width: 1%;
}

.hiddenrow {
	display: none;
}

.selectall {
	background: #FFFBD9;
	border-bottom: 1px solid #F7E86A;
	color: #333;
	text-align: center;
}

.expcolimage {
	float: right;
	width: auto;
	vertical-align: middle;
	margin-top: 3px;
}

.tcat_menu > .expcolimage {
	margin-top: 0;
}

blockquote {
	border: 1px solid #0f0f0f;
	margin: 0;
	background: #222;
	padding: 10px;
}

blockquote cite {
	font-weight: bold;
	border-bottom: 1px solid #0f0f0f;
	font-style: normal;
	display: block;
	padding-bottom: 3px;
	margin: 0 0 10px 0;
}

blockquote cite span {
	float: right;
	font-weight: normal;
	font-size: 12px;
	color: #666;
}

blockquote cite span.highlight {
	float: none;
	font-weight: bold;
	padding-bottom: 0;
}

.codeblock {
	background: #fff;
	border: 1px solid #ccc;
	padding: 10px;
}

.codeblock .title {
	border-bottom: 1px solid #ccc;
	font-weight: bold;
	padding-bottom: 3px;
	margin: 0 0 10px 0;
}

.codeblock code {
	overflow: auto;
	height: auto;
	max-height: 200px;
	display: block;
	font-family: Monaco, Consolas, Courier, monospace;
	font-size: 13px;
}

.smilie {
	vertical-align: middle;
}

.smilie_pointer {
	cursor: pointer;
}

.separator {
	margin: 5px;
	padding: 0;
	height: 0px;
	font-size: 1px;
	list-style-type: none;
}

.popup_menu .popup_item_container {
	margin: 1px;
	text-align: left;
}

.popup_menu .popup_item {
	display: block;
	padding: 4px;
	white-space: nowrap;
	text-decoration: none;
}

.popup_menu a.popup_item:hover {
	text-decoration: none;
}

.subject_new {
	font-weight: bold;
}

.highlight {
	background: #FFFFCC;
	padding-top: 3px;
	padding-bottom: 3px;
}

.pm_alert {
	background: #FFF6BF;
	border: 1px solid #FFD324;
	text-align: center;
	padding: 5px 20px;
	margin-bottom: 15px;
	font-size: 11px;
}

.red_alert {
	background: #FBE3E4;
	border: 1px solid #A5161A;
	color: #A5161A;
	text-align: center;
	padding: 5px 20px;
	margin-bottom: 15px;
	font-size: 11px;
	word-wrap: break-word;
}

.red_alert a:link,
.red_alert a:visited,
.red_alert a:hover,
.red_alert  a:active {
	color: #A5161A;
}

.high_warning {
	color: #CC0000;
}

.moderate_warning {
	color: #F3611B;
}

.low_warning {
	color: #AE5700;
}

.online {
	color: #15A018;
}

.offline {
	color: #C7C7C7;
}

div.error {
	padding: 5px 10px;
	border-top: 2px solid #FFD324;
	border-bottom: 2px solid #FFD324;
	background: #FFF6BF;
	font-size: 12px;
}

div.error p {
	margin: 0;
	color: #333;
	font-weight: normal;
}

div.error p em {
	font-style: normal;
	font-weight: bold;
	padding-left: 24px;
	display: block;
	color: #C00;
	background: url(images/error.png) no-repeat 0;
}

div.error ul {
	margin-left: 24px;
}

.pagination {
	color: #fff;
	padding-top: 10px;
	margin-bottom: 5px;
	
	font-size: 11px;
}

.tfoot .pagination,
.tcat .pagination {
	padding-top: 0;
}

.pagination .pages {
	font-weight: bold;
}

.pagination .pagination_current,
.pagination a {
	color: #3D3D3E;
	border: 1px solid #ccc;
}

.pagination a {
	background: #f5f5f5;
	border: 1px solid #ccc;
}

.pagination .pagination_current {
	background: none;
	color: #333;
	border: none;
	font-weight: bold;
}

.pagination a:hover {
	background: #0072BC;
	color: #fff;
	border-color: #263c30;
	text-decoration: none;
}

.pagination .go_page img {
	margin-bottom: -4px;
}

.drop_go_page {
	background: #f5f5f5;
	padding: 4px;
}

.pagination_breadcrumb {
	background-color: #efefef;
	border: 1px solid #fff;
	outline: 1px solid #ccc;
	padding: 5px;
	margin-top: 5px;
	font-weight: normal;
}

.pagination_breadcrumb_link {
	vertical-align: middle;
	cursor: pointer;
}

.thread_legend,
.thread_legend dd {
	margin: 0;
	padding: 0;
}

.thread_legend dd {
	padding-bottom: 4px;
	margin-right: 15px;
}

.thread_legend img {
	margin-right: 4px;
	vertical-align: bottom;
}

.forum_legend,
.forum_legend dt,
.forum_legend dd {
	background: none;
	float: left;
	margin-right: 10px;
	margin-top: 7px;
}

.forum_legend dd {
	float: left;
	margin-right: 10px;
	margin-top: 7px;
}

.forum_legend dt {
	margin-right: 10px;
	float: left;
}

.success_message {
	color: #00b200;
	font-weight: bold;
	font-size: 10px;
	margin-bottom: 10px;
}

.error_message {
	color: #C00;
	font-weight: bold;
	font-size: 10px;
	margin-bottom: 10px;
}

#posts_container {
	padding: 0;
}

.ignored_post {
	border-top: 3px solid #333;
	padding: 15px;
}

.ignored_post .show_ignored_post {
	margin-top: -15px;
}

.ignored_post .show_ignored_post a.button span {
	background-position: 0 -400px;
}

.post {
	overflow: hidden;
}

.post.classic {
	padding-top: 15px;
}

.post .post_author {
	background: #011930;
	border-bottom: 1px solid #151515;
	border-top: 2px solid #111;
	padding: 5px;
	overflow: hidden;
}

.post.classic .post_author {
	border: 1px solid #ddd;
	float: left;
	width: 15%;
	margin: 0 1% 15px 0;
	border-left: 0;
	padding: 5px 1%;
}

.post .post_author .buddy_status {
	vertical-align: middle;
	margin-top: -4px;
}

.post .post_author div.author_avatar {
	float: left;
	margin-right: 3px;
}

.post.classic .post_author div.author_avatar {
	float: none;
	text-align: center;
	margin-bottom: 8px;
}

.post .post_author div.author_avatar img {
	padding: 5px;
	border: 1px solid #ddd;
	background: #fff;
}

.post .post_author div.author_information {
	float: left;
	padding: 6px 8px;
}

.post.classic .post_author div.author_information {
	float: none;
	padding: 0;
	text-align: center;
}

.post .post_author div.author_statistics {
	float: right;
	font-size: 11px;
	padding: 3px 10px 3px 5px;
	color: #efefef;
	line-height: 1.3;
}

.post.classic .post_author div.author_statistics {
	border-top: 1px dotted #ccc;
	margin: 6px 0 0 0;
	padding: 6px 6px 3px 6px;
	float: none;
}

.post .post_head {
	font-size: 11px;
	padding-bottom: 4px;
	border-bottom: 1px dotted #0f0f0f;
	margin-bottom: 4px;
}

.post .post_head span.post_date {
	color: #666;
}

.post .post_head span.edited_post {
	font-size: 10px;
	color: #999;
}

.post .post_head span.edited_post a {
	color: #666;
}

.post_body {
	font-size: 14px;
	padding: 12px 0;
}

.post.classic .post_content {
	float: left;
	width: 79%;
	padding: 0 1% 5px 1%;
}

.post_content {
	padding: 9px 10px 5px 10px;
}

.post_content .signature {
	margin-top: 5px;
	border-top: 1px dotted #ddd;
	padding: 10px 0 4px 0;
}

.post .post_meta {
	margin: 4px 0;
	font-size: 11px;
	color: #999;
}

.post .post_meta a:link,
.post .post_meta a:visited {
	color: #777;
}

.post .post_meta a:hover,
.post .post_meta a:active {
	color: #777;
}

.post_controls {
	background: #0066a2 url(images/ironman/thead.png) repeat-x;
	clear: both;
	border-bottom: 1px solid #111;
	padding: 5px;
	overflow: hidden;
}

.postbit_buttons > a:link,
.postbit_buttons > a:hover,
.postbit_buttons > a:visited,
.postbit_buttons > a:active {
	background: url("images/tcat.png") repeat-x scroll 0 0 #002F4B;
	color: #fff;
	display: inline-block;
	padding: 2px 5px;
	margin: 2px;
	border: 1px solid #70FFF1;
	
	font-size: 11px;
}

.postbit_buttons > a:hover {
	background: #FCD704;
	color: #000;
	border-color: #bbb;
}

.postbit_buttons a span {
	padding-left: 20px;
	display: inline-block;
	height: 16px;
	background-image: url(images/buttons_sprite.png);
	background-repeat: no-repeat;
}

.postbit_buttons a.postbit_find span {
	background-position: 0 0;
}

.postbit_buttons a.postbit_reputation_add span {
	background-position: 0 -20px;
}

.postbit_buttons a.postbit_email span {
	background-position: 0 -40px;
}

.postbit_buttons a.postbit_website span {
	background-position: 0 -60px;
}

.postbit_buttons a.postbit_pm span {
	background-position: 0 -80px;
}

.postbit_buttons a.postbit_quote span {
	background-position: 0 -100px;
}

.postbit_buttons a.postbit_multiquote span {
	background-position: 0 -120px;
}

.postbit_buttons a.postbit_multiquote_on span {
	background-position: 0 -140px;
}

.postbit_buttons a.postbit_edit span {
	background-position: 0 -160px;
}

.postbit_buttons a.postbit_qdelete span {
	background-position: 0 -180px;
}

.postbit_buttons a.postbit_qrestore span {
	background-position: 0 -200px;
}

.postbit_buttons a.postbit_report span {
	background-position: 0 -220px;
}

.postbit_buttons a.postbit_warn span {
	background-position: 0 -240px;
}

.postbit_buttons a.postbit_purgespammer span {
	background-position: 0 -540px;
}

.postbit_buttons a.postbit_reply_pm span {
	background-position: 0 -260px;
}

.postbit_buttons a.postbit_reply_all span {
	background-position: 0 -280px;
}

.postbit_buttons a.postbit_forward_pm span {
	background-position: 0 -300px;
}

.postbit_buttons a.postbit_delete_pm span {
	background-position: 0 -320px;
}

a.button:link,
a.button:hover,
a.button:visited,
a.button:active {
	background: #0f0f0f url(images/tcat.png) repeat-x;
	color: #fff;
	display: inline-block;
	padding: 4px 8px;
	margin: 2px 2px 6px 2px;
	border: 1px solid #000;
	font-size: 14px;
}

a.button.small_button {
	font-size: 13px;
	margin: 0;
	padding: 3px 6px;
}

a.button span {
	padding-left: 20px;
	display: inline-block;
	background-image: url(images/buttons_sprite.png);
	background-repeat: no-repeat;
}

a.button.new_thread_button span {
	background-position: 0 -340px;
}

a.button.new_reply_button span {
	background-position: 0 -360px;
}

a.button.closed_button span {
	background-position: 0 -380px;
}

a.button.rate_user_button span {
	background-position: 0 -400px;
}

a.button.add_buddy_button span {
	background-position: 0 -440px;
}

a.button.remove_buddy_button span {
	background-position: 0 -480px;
}

a.button.add_ignore_button span {
	background-position: 0 -460px;
}

a.button.remove_ignore_button span {
	background-position: 0 -500px;
}

a.button.report_user_button span {
	background-position: 0 -520px;
}

.quick_jump {
	background: url(images/jump.png) no-repeat 0;
	width: 13px;
	height: 13px;
	padding-left: 13px; /* amount of padding needed for image to fully show */
	margin-top: -3px;
	border: none;
}

.pollbar {
	background: url(images/pollbar.png) top left repeat-x;
	border: 1px solid #3f3f3f;
	height: 10px;
}

.pollbar .percent {
	display: none;
}

.posticons_label {
	white-space: nowrap;
}

/** jGrowl Start **/

/** Special IE6 Style Positioning **/
.ie6 {
	position: absolute;
}

.ie6.top-right {
	right: auto;
	bottom: auto;
	left: expression( ( 0 - jGrowl.offsetWidth + ( document.documentElement.clientWidth ? document.documentElement.clientWidth : document.body.clientWidth ) + ( ignoreMe2 = document.documentElement.scrollLeft ? document.documentElement.scrollLeft : document.body.scrollLeft ) ) + 'px' );
	top: expression( ( 0 + ( ignoreMe = document.documentElement.scrollTop ? document.documentElement.scrollTop : document.body.scrollTop ) ) + 'px' );
}

.ie6.top-left {
	left: expression( ( 0 + ( ignoreMe2 = document.documentElement.scrollLeft ? document.documentElement.scrollLeft : document.body.scrollLeft ) ) + 'px' );
	top: expression( ( 0 + ( ignoreMe = document.documentElement.scrollTop ? document.documentElement.scrollTop : document.body.scrollTop ) ) + 'px' );
}

.ie6.bottom-right {
	left: expression( ( 0 - jGrowl.offsetWidth + ( document.documentElement.clientWidth ? document.documentElement.clientWidth : document.body.clientWidth ) + ( ignoreMe2 = document.documentElement.scrollLeft ? document.documentElement.scrollLeft : document.body.scrollLeft ) ) + 'px' );
	top: expression( ( 0 - jGrowl.offsetHeight + ( document.documentElement.clientHeight ? document.documentElement.clientHeight : document.body.clientHeight ) + ( ignoreMe = document.documentElement.scrollTop ? document.documentElement.scrollTop : document.body.scrollTop ) ) + 'px' );
}

.ie6.bottom-left {
	left: expression( ( 0 + ( ignoreMe2 = document.documentElement.scrollLeft ? document.documentElement.scrollLeft : document.body.scrollLeft ) ) + 'px' );
	top: expression( ( 0 - jGrowl.offsetHeight + ( document.documentElement.clientHeight ? document.documentElement.clientHeight : document.body.clientHeight ) + ( ignoreMe = document.documentElement.scrollTop ? document.documentElement.scrollTop : document.body.scrollTop ) ) + 'px' );
}

.ie6.center {
	left: expression( ( 0 + ( ignoreMe2 = document.documentElement.scrollLeft ? document.documentElement.scrollLeft : document.body.scrollLeft ) ) + 'px' );
	top: expression( ( 0 + ( ignoreMe = document.documentElement.scrollTop ? document.documentElement.scrollTop : document.body.scrollTop ) ) + 'px' );
	width: 100%;
}

/** jGrowl Styling **/
.jGrowl {
	z-index: 9999;
	color: #fff;
	font-size: 12px;
	position: fixed;
}

.jGrowl.top-left {
	left: 0px;
	top: 0px;
}

.jGrowl.top-right {
	right: 0px;
	top: 0px;
}

.jGrowl.bottom-left {
	left: 0px;
	bottom:	0px;
}

.jGrowl.bottom-right {
	right: 0px;
	bottom: 0px;
}

.jGrowl.center {
	top: 0px;
	width: 50%;
	left: 25%;
}

/** Cross Browser Styling **/

.center .jGrowl-notification,
.center .jGrowl-closer {
	margin-left: auto;
	margin-right: auto;
}

.jGrowl .jGrowl-notification,
.jGrowl .jGrowl-closer {
	background-color: #000;
	opacity: .85;
	-ms-filter: "progid:DXImageTransform.Microsoft.Alpha(Opacity=85)";
	filter: progid:DXImageTransform.Microsoft.Alpha(Opacity=85);
	zoom: 1;
	width: 235px;
	padding: 10px;
	margin-top: 5px;
	margin-bottom: 5px;
	font-family: Tahoma, Arial, Helvetica, sans-serif;
	font-size: 1em;
	text-align: left;
	display: none;
	border-radius: 5px;
}

.jGrowl .jGrowl-notification {
	min-height: 40px;
}

.jGrowl .jGrowl-notification,
.jGrowl .jGrowl-closer {
	margin: 10px;
}

.jGrowl .jGrowl-notification .jGrowl-header {
	font-weight: bold;
	font-size: .85em;
}

.jGrowl .jGrowl-notification .jGrowl-close {
	z-index: 99;
	float: right;
	font-weight: bold;
	font-size: 1em;
	cursor: pointer;
}

.jGrowl .jGrowl-closer {
	padding-top: 4px;
	padding-bottom: 4px;
	cursor: pointer;
	font-size: .9em;
	font-weight: bold;
	text-align: center;
}

/** Hide jGrowl when printing **/
@media print {
	.jGrowl {
		display: none;
}


}

/** jGrowl End **/

/** Modal Start **/

.modal {
	display: none;
	width: 400px;
	text-align: left;
	background: #fff;
	-webkit-border-radius: 8px;
	-moz-border-radius: 8px;
	-o-border-radius: 8px;
	-ms-border-radius: 8px;
	border-radius: 8px;
	-webkit-box-shadow: 0 0 10px #000;
	-moz-box-shadow: 0 0 10px #000;
	-o-box-shadow: 0 0 10px #000;
	-ms-box-shadow: 0 0 10px #000;
	box-shadow: 0 0 10px #000;
}

.modal a.close-modal {
	position: absolute;
	top: -12.5px;
	right: -12.5px;
	display: block;
	width: 30px;
	height: 30px;
	text-indent: -9999px;
	background: url(images/close.png) no-repeat 0 0;
}

.modal-spinner {
	display: none;
	width: 64px;
	height: 64px;
	position: fixed;
	top: 50%;
	left: 50%;
	margin-right: -32px;
	margin-top: -32px;
	background: url(images/spinner_big.gif) no-repeat center center;
	-webkit-border-radius: 8px;
	-moz-border-radius: 8px;
	-o-border-radius: 8px;
	-ms-border-radius: 8px;
	border-radius: 8px;
}

/** Modal End **/

/** Impromptu Start **/

/*! jQuery-Impromptu - v5.2.4 - 2014-05-26
* http://trentrichardson.com/Impromptu
* Copyright (c) 2014 Trent Richardson; Licensed MIT */

.jqifade {
	position: absolute;
	background-color: #777777;
}

div.jqi {
	width: 400px;
	max-width:90%;
	font-family: Verdana, Geneva, Arial, Helvetica, sans-serif;
	position: absolute;
	background-color: #ffffff;
	font-size: 11px;
	text-align: left;
	border: solid 1px #eeeeee;
	border-radius: 6px;
	-moz-border-radius: 6px;
	-webkit-border-radius: 6px;
	padding: 7px;
}

div.jqi .jqiclose {
	position: absolute;
	top: 4px; right: -2px;
	width: 18px;
	cursor: default;
	color: #bbbbbb;
	font-weight: bold;
}

div.jqi .jqistate {
	background-color: #fff;
}

div.jqi .jqititle {
	padding: 5px 10px;
	font-size: 16px;
	line-height: 20px;
	border-bottom: solid 1px #eeeeee;
}

div.jqi .jqimessage {
	padding: 10px;
	line-height: 20px;
	color: #444444;
}

div.jqi .jqibuttons {
	text-align: right;
	margin: 0 -7px -7px -7px;
	border-top: solid 1px #e4e4e4;
	background-color: #f4f4f4;
	border-radius: 0 0 6px 6px;
	-moz-border-radius: 0 0 6px 6px;
	-webkit-border-radius: 0 0 6px 6px;
}

div.jqi .jqibuttons button {
	margin: 0;
	padding: 15px 20px;
	background-color: transparent;
	font-weight: normal;
	border: none;
	border-left: solid 1px #e4e4e4;
	color: #777;
	font-weight: bold;
	font-size: 12px;
}

div.jqi .jqibuttons button.jqidefaultbutton {
	color: #489afe;
}

div.jqi .jqibuttons button:hover,
div.jqi .jqibuttons button:focus {
	color: #287ade;
	outline: none;
}

.jqiwarning .jqi .jqibuttons {
	background-color: #b95656;
}

/* sub states */

div.jqi .jqiparentstate::after {
	background-color: #777;
	opacity: 0.6;
	filter: alpha(opacity=60);
	content: '';
	position: absolute;
	top: 0;
	left: 0;
	bottom: 0;
	right: 0;
	border-radius: 6px;
	-moz-border-radius: 6px;
	-webkit-border-radius: 6px;
}

div.jqi .jqisubstate {
	position: absolute;
	top: 0;
	left: 20%;
	width: 60%;
	padding: 7px;
	border: solid 1px #eeeeee;
	border-top: none;
	border-radius: 0 0 6px 6px;
	-moz-border-radius: 0 0 6px 6px;
	-webkit-border-radius: 0 0 6px 6px;
}

div.jqi .jqisubstate .jqibuttons button {
	padding: 10px 18px;
}

/* arrows for tooltips/tours */

.jqi .jqiarrow {
	position: absolute;
	height: 0; width: 0;
	line-height: 0;
	font-size: 0;
	border: solid 10px transparent;
}

.jqi .jqiarrowtl {
	left: 10px;
	top: -20px;
	border-bottom-color: #ffffff;
}

.jqi .jqiarrowtc {
	left: 50%;
	top: -20px;
	border-bottom-color: #ffffff;
	margin-left: -10px;
}

.jqi .jqiarrowtr {
	right: 10px;
	top: -20px;
	border-bottom-color: #ffffff;
}

.jqi .jqiarrowbl {
	left: 10px;
	bottom: -20px;
	border-top-color: #ffffff;
}

.jqi .jqiarrowbc {
	left: 50%;
	bottom: -20px;
	border-top-color: #ffffff;
	margin-left: -10px;
}

.jqi .jqiarrowbr {
	right: 10px;
	bottom: -20px;
	border-top-color: #ffffff;
}

.jqi .jqiarrowlt {
	left: -20px;
	top: 10px;
	border-right-color: #ffffff;
}

.jqi .jqiarrowlm {
	left: -20px;
	top: 50%;
	border-right-color: #ffffff;
	margin-top: -10px;
}

.jqi .jqiarrowlb {
	left: -20px;
	bottom: 10px;
	border-right-color: #ffffff;
}

.jqi .jqiarrowrt {
	right: -20px;
	top: 10px;
	border-left-color: #ffffff;
}

.jqi .jqiarrowrm {
	right: -20px;
	top: 50%;
	border-left-color: #ffffff;
	margin-top: -10px;
}

.jqi .jqiarrowrb {
	right: -20px;
	bottom: 10px;
	border-left-color: #ffffff;
}

.devilking {
    color: #126dc2;
    float: left;
    height: 30px;
    line-height: 30px;
}

]]>
		</stylesheet>
	</stylesheets>
	<templates>
		<template name="footer" version="1804"><![CDATA[<debugstuff>
	</div>
</div>
<div id="footer">
	<div class="upper">
		<div class="wrapper">
			{$lang_select}
			{$theme_select}
			<ul class="menu bottom_links">
				{$contact_us}
				<li><a href="{$mybb->settings['homeurl']}">{$mybb->settings['homename']}</a></li>
				<li><a href="#top">{$lang->bottomlinks_returntop}</a></li>
				<li><a href="<archive_url>">{$lang->bottomlinks_litemode}</a></li>
				<li><a href="{$mybb->settings['bburl']}/misc.php?action=syndication">{$lang->bottomlinks_syndication}</a></li>
			</ul>
		</div>
	</div>
	<div class="lower">
		<div class="wrapper">
			<span id="current_time">{$lang->welcome_current_time}</span>
			<span id="copyright">
				<!-- MyBB is free software developed and maintained by a volunteer community.
					It would be much appreciated by the MyBB Group if you left the full copyright and "powered by" notice intact,
					to show your support for MyBB.  If you choose to remove or modify the copyright below,
					you may be refused support on the MyBB Community Forums.

					This is free software, support us and we'll support you. -->
				{$lang->powered_by} <a href="http://www.mybb.com" target="_blank">MyBB{$mybbversion}</a>, &copy; 2002-{$copy_year} <a href="http://www.mybb.com" target="_blank">MyBB Group</a>.
				<left>Designed By : <a href="http://www.pakistani-forum.org" target="_blank">Khan Solangi</a>.</left>

				<!-- End powered by -->
			</span>
		</div>
	</div>
</div>
<!-- The following piece of code allows MyBB to run scheduled tasks. DO NOT REMOVE -->{$task_image}<!-- End task image code -->
{$auto_dst_detection}
</div>]]></template>
		<template name="forumbit_depth2_cat" version="1800"><![CDATA[<tr>
<td class="{$bgcolor}" align="center" valign="top" width="1"><div class="forum_status forum_{$lightbulb['folder']} ajax_mark_read" title="{$lightbulb['altonoff']}" id="mark_read_{$forum['fid']}"><i class="fa fa-comments"></i></div></td>
<td class="{$bgcolor}" valign="top">
<strong><a href="{$forum_url}">{$forum['name']}</a></strong>{$forum_viewers_text}<div class="smalltext">{$forum['description']}{$subforums}</div>
</td>
<td class="{$bgcolor}" valign="top" align="center" style="white-space: nowrap">{$threads}{$unapproved['unapproved_threads']}</td>
<td class="{$bgcolor}" valign="top" align="center" style="white-space: nowrap">{$posts}{$unapproved['unapproved_posts']}</td>
<td class="{$bgcolor}" valign="top" align="right" style="white-space: nowrap">{$lastpost}</td>
</tr>]]></template>
		<template name="forumbit_depth2_forum" version="1800"><![CDATA[<tr>
<td class="{$bgcolor}" align="center" valign="top" width="1"><div class="forum_status forum_{$lightbulb['folder']} ajax_mark_read" title="{$lightbulb['altonoff']}" id="mark_read_{$forum['fid']}"><i class="fa fa-comments"></i></div></td>
<td class="{$bgcolor}" valign="top">
<strong><a href="{$forum_url}">{$forum['name']}</a></strong>{$forum_viewers_text}<div class="smalltext">{$forum['description']}{$modlist}{$subforums}</div>
</td>
<td class="{$bgcolor}" valign="top" align="center" style="white-space: nowrap">{$threads}{$unapproved['unapproved_threads']}</td>
<td class="{$bgcolor}" valign="top" align="center" style="white-space: nowrap">{$posts}{$unapproved['unapproved_posts']}</td>
<td class="{$bgcolor}" valign="top" align="right" style="white-space: nowrap">{$lastpost}</td>
</tr>]]></template>
		<template name="forumbit_depth3_statusicon" version="1800"><![CDATA[<div title="{$lightbulb['altonoff']}" class="subforumicon subforum_{$lightbulb['folder']} ajax_mark_read" id="mark_read_{$forum['fid']}"><i class="fa fa-comment"></i></div>]]></template>
		<template name="header" version="1804"><![CDATA[<div id="container">
		<a name="top" id="top"></a>
		<div id="header">
			<ul class="menu top_links">
						{$menu_portal}
						{$menu_search}
						{$menu_memberlist}
						{$menu_calendar}
						<li><a href="{$mybb->settings['bburl']}/misc.php?action=help" class="help">{$lang->toplinks_help}</a></li>
					</ul>
			<div id="logo">
				<div class="wrapper">
					<a href="{$mybb->settings['bburl']}/index.php"><img src="{$theme['logo']}" alt="{$mybb->settings['bbname']}" title="{$mybb->settings['bbname']}" /></a>
					
				</div>
			</div>
			<div id="panel">
				<div class="upper">
					<div class="wrapper">
						{$quicksearch}
						{$welcomeblock}
					<!-- </div> in header_welcomeblock_member and header_welcomeblock_guest -->
				<!-- </div> in header_welcomeblock_member and header_welcomeblock_guest -->
			</div>
		</div>
		<div id="content">
			<div class="wrapper">
				{$pm_notice}
				{$bannedwarning}
				{$bbclosedwarning}
				{$unreadreports}
				{$pending_joinrequests}
				{$awaitingusers}
				<navigation>
				<br />]]></template>
		<template name="headerinclude" version="1800"><![CDATA[<link rel="alternate" type="application/rss+xml" title="{$lang->latest_threads} (RSS 2.0)" href="{$mybb->settings['bburl']}/syndication.php" />
<link rel="alternate" type="application/atom+xml" title="{$lang->latest_threads} (Atom 1.0)" href="{$mybb->settings['bburl']}/syndication.php?type=atom1.0" />
<meta http-equiv="Content-Type" content="text/html; charset={$charset}" />
<meta http-equiv="Content-Script-Type" content="text/javascript" />
<script type="text/javascript" src="{$mybb->asset_url}/jscripts/jquery.js?ver=1800"></script>
<script type="text/javascript" src="{$mybb->asset_url}/jscripts/jquery.plugins.min.js?ver=1800"></script>
<script type="text/javascript" src="{$mybb->asset_url}/jscripts/general.js?ver=1800"></script>

{$stylesheets}
<script type="text/javascript">
<!--
	lang.unknown_error = "{$lang->unknown_error}";

	lang.select2_match = "{$lang->select2_match}";
	lang.select2_matches = "{$lang->select2_matches}";
	lang.select2_nomatches = "{$lang->select2_nomatches}";
	lang.select2_inputtooshort_single = "{$lang->select2_inputtooshort_single}";
	lang.select2_inputtooshort_plural = "{$lang->select2_inputtooshort_plural}";
	lang.select2_inputtoolong_single = "{$lang->select2_inputtoolong_single}";
	lang.select2_inputtoolong_plural = "{$lang->select2_inputtoolong_plural}";
	lang.select2_selectiontoobig_single = "{$lang->select2_selectiontoobig_single}";
	lang.select2_selectiontoobig_plural = "{$lang->select2_selectiontoobig_plural}";
	lang.select2_loadmore = "{$lang->select2_loadmore}";
	lang.select2_searching = "{$lang->select2_searching}";

	var cookieDomain = "{$mybb->settings['cookiedomain']}";
	var cookiePath = "{$mybb->settings['cookiepath']}";
	var cookiePrefix = "{$mybb->settings['cookieprefix']}";
	var deleteevent_confirm = "{$lang->deleteevent_confirm}";
	var removeattach_confirm = "{$lang->removeattach_confirm}";
	var loading_text = '{$lang->ajax_loading}';
	var saving_changes = '{$lang->saving_changes}';
	var use_xmlhttprequest = "{$mybb->settings['use_xmlhttprequest']}";
	var my_post_key = "{$mybb->post_code}";
	var rootpath = "{$mybb->settings['bburl']}";
	var imagepath = "{$theme['imgdir']}";
  	var yes_confirm = "{$lang->yes}";
	var no_confirm = "{$lang->no}";
	var MyBBEditor = null;
	var spinner_image = "{$theme['imgdir']}/spinner.gif";
	var spinner = "<img src='" + spinner_image +"' alt='' />";
// -->
</script>
<link href='//maxcdn.bootstrapcdn.com/font-awesome/4.1.0/css/font-awesome.min.css' rel='stylesheet' type='text/css'>

<script src="images/dark1.8/jquery-ui.js"></script>
  <script>
  $(function() {
    $( document ).tooltip();
  });
  </script>]]></template>
		<template name="index" version="1800"><![CDATA[<html>
<head>
<title>{$mybb->settings['bbname']}</title>
{$headerinclude}
<script type="text/javascript">
<!--
lang.no_new_posts = "{$lang->no_new_posts}";
lang.click_mark_read = "{$lang->click_mark_read}";
// -->
</script>
</head>
<body>
{$header}
{$forums}
{$boardstats}

<dl class="forum_legend smalltext">
<dt><div class="forum_status forum_on"><i class="fa fa-comments"></i></div></dt>
<dd>{$lang->new_posts}</dd>

<dt><div class="forum_status forum_off"><i class="fa fa-comments"></i></div></dt>
<dd>{$lang->no_new_posts}</dd>

<dt><div class="forum_status forum_offlock"><i class="fa fa-comments"></i></div></dt>
<dd>{$lang->forum_locked}</dd>

<dt><div class="forum_status forum_offlink"><i class="fa fa-comments"></i></div></dt>
<dd>{$lang->forum_redirect}</dd>
</dl>
<br class="clear" />
{$footer}
</body>
</html>]]></template>
	</templates>
</theme>